backend,variant,deg,npts,rep,type,op,maxrelerr,meanrelerr,tpercall
serial,Q,2,400000,20000,dd,HORNER,9.1871e-33,1.5993e-33,4.0024e-09
serial,Q,2,400000,20000,dd,HORNER-V,9.1871e-33,1.5993e-33,5.1598e-09
serial,Q,2,400000,20000,dd,ESTRIN,2.3917e-32,3.0142e-33,3.5257e-08
serial,Q,2,400000,20000,dd,ESTRIN-V,2.3917e-32,3.0142e-33,3.5411e-08
serial,Q,2,400000,20000,dd,EVALDIFF,1.4170e-30,1.9967e-32,2.9314e-09
serial,Q,2,400000,20000,dd,POLYMUL,1.4830e-32,7.4703e-33,1.3847e-08
serial,Q,2,400000,20000,td,HORNER,8.6323e-49,9.8003e-50,3.4571e-08
serial,Q,2,400000,20000,td,HORNER-V,8.6323e-49,9.8003e-50,7.4216e-08
serial,Q,2,400000,20000,td,ESTRIN,9.7325e-49,1.4794e-49,8.6100e-08
serial,Q,2,400000,20000,td,ESTRIN-V,9.7325e-49,1.4794e-49,8.6104e-08
serial,Q,2,400000,20000,td,EVALDIFF,3.8799e-49,8.2653e-50,2.7769e-08
serial,Q,2,400000,20000,td,POLYMUL,8.4962e-49,4.8716e-49,1.2200e-07
serial,Q,2,400000,20000,qd,HORNER,1.5830e-65,2.4925e-66,1.1457e-07
serial,Q,2,400000,20000,qd,HORNER-V,1.5830e-65,2.4925e-66,1.1009e-07
serial,Q,2,400000,20000,qd,ESTRIN,1.9284e-65,3.7420e-66,1.9534e-07
serial,Q,2,400000,20000,qd,ESTRIN-V,1.9284e-65,3.7420e-66,1.9511e-07
serial,Q,2,400000,20000,qd,EVALDIFF,1.4896e-65,2.3993e-66,7.5551e-08
serial,Q,2,400000,20000,qd,POLYMUL,1.0457e-65,5.6526e-66,2.1146e-07
serial,BF,2,400000,20000,dd,HORNER,9.1871e-33,1.5949e-33,5.7816e-09
serial,BF,2,400000,20000,dd,HORNER-V,9.1871e-33,1.5949e-33,6.2826e-09
serial,BF,2,400000,20000,dd,ESTRIN,2.3917e-32,2.8847e-33,3.8927e-08
serial,BF,2,400000,20000,dd,ESTRIN-V,2.3917e-32,2.8847e-33,3.8849e-08
serial,BF,2,400000,20000,dd,EVALDIFF,1.4170e-30,1.9111e-32,3.7783e-09
serial,BF,2,400000,20000,dd,POLYMUL,1.4830e-32,7.4703e-33,1.7704e-08
serial,BF,2,400000,20000,td,HORNER,8.5153e-49,1.0979e-49,2.2663e-08
serial,BF,2,400000,20000,td,HORNER-V,8.5153e-49,1.0979e-49,2.3536e-08
serial,BF,2,400000,20000,td,ESTRIN,1.0866e-48,1.6981e-49,6.4700e-08
serial,BF,2,400000,20000,td,ESTRIN-V,1.0866e-48,1.6981e-49,6.4796e-08
serial,BF,2,400000,20000,td,EVALDIFF,5.8321e-49,1.4716e-49,2.3966e-08
serial,BF,2,400000,20000,td,POLYMUL,4.8271e-49,3.3176e-49,5.8990e-08
serial,BF,2,400000,20000,qd,HORNER,5.9734e-65,7.5729e-66,4.5126e-08
serial,BF,2,400000,20000,qd,HORNER-V,5.9734e-65,7.5729e-66,4.6626e-08
serial,BF,2,400000,20000,qd,ESTRIN,5.9734e-65,1.0713e-65,9.3473e-08
serial,BF,2,400000,20000,qd,ESTRIN-V,5.9734e-65,1.0713e-65,9.3599e-08
serial,BF,2,400000,20000,qd,EVALDIFF,7.9446e-65,9.6067e-66,3.8013e-08
serial,BF,2,400000,20000,qd,POLYMUL,2.9333e-65,1.8612e-65,1.1344e-07
serial,FMA,2,400000,20000,dd,HORNER,7.2504e-33,1.5697e-33,2.7733e-09
serial,FMA,2,400000,20000,dd,HORNER-V,7.2504e-33,1.5697e-33,4.2377e-09
serial,FMA,2,400000,20000,dd,ESTRIN,2.3917e-32,3.6851e-33,3.0894e-08
serial,FMA,2,400000,20000,dd,ESTRIN-V,2.3917e-32,3.6851e-33,3.1021e-08
serial,FMA,2,400000,20000,dd,EVALDIFF,5.9551e-31,1.8760e-32,2.3576e-09
serial,FMA,2,400000,20000,dd,POLYMUL,1.4830e-32,7.4703e-33,1.2696e-08
serial,FMA,2,400000,20000,td,HORNER,1.2098e-48,1.3379e-49,1.1385e-08
serial,FMA,2,400000,20000,td,HORNER-V,1.2098e-48,1.3379e-49,1.2944e-08
serial,FMA,2,400000,20000,td,ESTRIN,1.1486e-48,2.2386e-49,4.8508e-08
serial,FMA,2,400000,20000,td,ESTRIN-V,1.1486e-48,2.2386e-49,4.8549e-08
serial,FMA,2,400000,20000,td,EVALDIFF,1.8072e-48,2.1423e-49,1.8449e-08
serial,FMA,2,400000,20000,td,POLYMUL,4.8271e-49,3.3176e-49,3.5014e-08
serial,FMA,2,400000,20000,qd,HORNER,1.0099e-64,9.0005e-66,2.1631e-08
serial,FMA,2,400000,20000,qd,HORNER-V,1.0099e-64,9.0005e-66,2.3647e-08
serial,FMA,2,400000,20000,qd,ESTRIN,9.3628e-65,1.2225e-65,7.6327e-08
serial,FMA,2,400000,20000,qd,ESTRIN-V,9.3628e-65,1.2225e-65,7.6185e-08
serial,FMA,2,400000,20000,qd,EVALDIFF,6.6246e-65,9.3952e-66,2.5943e-08
serial,FMA,2,400000,20000,qd,POLYMUL,5.5157e-65,2.1118e-65,6.2331e-08
neon,Q,2,400000,20000,dd,HORNER,9.1871e-33,1.5993e-33,3.8724e-09
neon,Q,2,400000,20000,dd,HORNER-V,9.1871e-33,1.5993e-33,3.6938e-09
neon,Q,2,400000,20000,dd,ESTRIN,2.3917e-32,3.0142e-33,3.4316e-08
neon,Q,2,400000,20000,dd,ESTRIN-V,2.3917e-32,3.0142e-33,4.1954e-08
neon,Q,2,400000,20000,dd,EVALDIFF,1.4170e-30,1.9967e-32,2.7794e-09
neon,Q,2,400000,20000,dd,POLYMUL,1.4830e-32,7.4703e-33,1.3466e-08
neon,Q,2,400000,20000,td,HORNER,8.6323e-49,9.8003e-50,3.3807e-08
neon,Q,2,400000,20000,td,HORNER-V,8.6323e-49,9.8003e-50,2.9224e-08
neon,Q,2,400000,20000,td,ESTRIN,9.7325e-49,1.4794e-49,8.7129e-08
neon,Q,2,400000,20000,td,ESTRIN-V,5.5122e-49,9.3985e-50,1.0760e-07
neon,Q,2,400000,20000,td,EVALDIFF,3.8799e-49,8.2653e-50,3.3749e-08
neon,Q,2,400000,20000,td,POLYMUL,8.4962e-49,4.8716e-49,1.1861e-07
neon,Q,2,400000,20000,qd,HORNER,1.5830e-65,2.4925e-66,1.1151e-07
neon,Q,2,400000,20000,qd,HORNER-V,1.5830e-65,2.4925e-66,3.7954e-08
neon,Q,2,400000,20000,qd,ESTRIN,1.9284e-65,3.7420e-66,1.9092e-07
neon,Q,2,400000,20000,qd,ESTRIN-V,1.2798e-64,1.2029e-65,1.5912e-07
neon,Q,2,400000,20000,qd,EVALDIFF,1.4896e-65,2.3993e-66,7.4313e-08
neon,Q,2,400000,20000,qd,POLYMUL,1.0457e-65,5.6526e-66,2.0532e-07
neon,BF,2,400000,20000,dd,HORNER,9.1871e-33,1.5949e-33,5.8219e-09
neon,BF,2,400000,20000,dd,HORNER-V,9.1871e-33,1.5949e-33,4.2108e-09
neon,BF,2,400000,20000,dd,ESTRIN,2.3917e-32,2.8847e-33,3.8952e-08
neon,BF,2,400000,20000,dd,ESTRIN-V,2.3917e-32,2.8847e-33,4.6478e-08
neon,BF,2,400000,20000,dd,EVALDIFF,1.4170e-30,1.9111e-32,4.0178e-09
neon,BF,2,400000,20000,dd,POLYMUL,1.4830e-32,7.4703e-33,1.7726e-08
neon,BF,2,400000,20000,td,HORNER,8.5153e-49,1.0979e-49,2.2698e-08
neon,BF,2,400000,20000,td,HORNER-V,8.5153e-49,1.0979e-49,1.6316e-08
neon,BF,2,400000,20000,td,ESTRIN,1.0866e-48,1.6981e-49,6.5544e-08
neon,BF,2,400000,20000,td,ESTRIN-V,1.0866e-48,1.6981e-49,7.9486e-08
neon,BF,2,400000,20000,td,EVALDIFF,5.8321e-49,1.4716e-49,2.3986e-08
neon,BF,2,400000,20000,td,POLYMUL,4.8271e-49,3.3176e-49,5.8838e-08
neon,BF,2,400000,20000,qd,HORNER,5.9734e-65,7.5729e-66,4.5174e-08
neon,BF,2,400000,20000,qd,HORNER-V,5.9734e-65,7.5729e-66,3.1475e-08
neon,BF,2,400000,20000,qd,ESTRIN,5.9734e-65,1.0713e-65,1.0224e-07
neon,BF,2,400000,20000,qd,ESTRIN-V,5.9734e-65,1.0713e-65,1.1332e-07
neon,BF,2,400000,20000,qd,EVALDIFF,7.9446e-65,9.6067e-66,4.4108e-08
neon,BF,2,400000,20000,qd,POLYMUL,2.9333e-65,1.8612e-65,1.1400e-07
neon,FMA,2,400000,20000,dd,HORNER,7.2504e-33,1.5697e-33,2.7547e-09
neon,FMA,2,400000,20000,dd,HORNER-V,7.2504e-33,1.5697e-33,2.9436e-09
neon,FMA,2,400000,20000,dd,ESTRIN,2.3917e-32,3.6851e-33,3.0850e-08
neon,FMA,2,400000,20000,dd,ESTRIN-V,2.3917e-32,3.6851e-33,3.8138e-08
neon,FMA,2,400000,20000,dd,EVALDIFF,5.9551e-31,1.8760e-32,2.4130e-09
neon,FMA,2,400000,20000,dd,POLYMUL,1.4830e-32,7.4703e-33,1.2694e-08
neon,FMA,2,400000,20000,td,HORNER,1.2098e-48,1.3379e-49,1.1400e-08
neon,FMA,2,400000,20000,td,HORNER-V,1.2098e-48,1.3379e-49,1.0464e-08
neon,FMA,2,400000,20000,td,ESTRIN,1.1486e-48,2.2386e-49,4.8071e-08
neon,FMA,2,400000,20000,td,ESTRIN-V,1.1486e-48,2.2386e-49,6.3577e-08
neon,FMA,2,400000,20000,td,EVALDIFF,1.8072e-48,2.1423e-49,2.1299e-08
neon,FMA,2,400000,20000,td,POLYMUL,4.8271e-49,3.3176e-49,3.4486e-08
neon,FMA,2,400000,20000,qd,HORNER,1.0099e-64,9.0005e-66,2.1587e-08
neon,FMA,2,400000,20000,qd,HORNER-V,1.0099e-64,9.0005e-66,1.5444e-08
neon,FMA,2,400000,20000,qd,ESTRIN,9.3628e-65,1.2225e-65,7.6572e-08
neon,FMA,2,400000,20000,qd,ESTRIN-V,9.3628e-65,1.2225e-65,9.4173e-08
neon,FMA,2,400000,20000,qd,EVALDIFF,6.6246e-65,9.3952e-66,2.5927e-08
neon,FMA,2,400000,20000,qd,POLYMUL,5.5157e-65,2.1118e-65,6.2605e-08
sve2,Q,2,400000,20000,dd,HORNER,9.1871e-33,1.5993e-33,3.9650e-09
sve2,Q,2,400000,20000,dd,HORNER-V,9.1871e-33,1.5993e-33,3.4689e-09
sve2,Q,2,400000,20000,dd,ESTRIN,2.3917e-32,3.0142e-33,3.2812e-08
sve2,Q,2,400000,20000,dd,ESTRIN-V,2.3917e-32,2.9909e-33,4.4032e-08
sve2,Q,2,400000,20000,dd,EVALDIFF,1.4170e-30,1.9967e-32,3.0316e-09
sve2,Q,2,400000,20000,dd,POLYMUL,1.4830e-32,7.4703e-33,1.3998e-08
sve2,Q,2,400000,20000,td,HORNER,8.6323e-49,9.8003e-50,3.4409e-08
sve2,Q,2,400000,20000,td,HORNER-V,8.6323e-49,9.8003e-50,3.4226e-08
sve2,Q,2,400000,20000,td,ESTRIN,9.7325e-49,1.4794e-49,8.9889e-08
sve2,Q,2,400000,20000,td,ESTRIN-V,5.5122e-49,9.3985e-50,1.1310e-07
sve2,Q,2,400000,20000,td,EVALDIFF,3.8799e-49,8.2653e-50,3.8222e-08
sve2,Q,2,400000,20000,td,POLYMUL,8.4962e-49,4.8716e-49,1.2148e-07
sve2,Q,2,400000,20000,qd,HORNER,1.5830e-65,2.4925e-66,1.1659e-07
sve2,Q,2,400000,20000,qd,HORNER-V,1.5830e-65,2.4925e-66,4.9534e-08
sve2,Q,2,400000,20000,qd,ESTRIN,1.9284e-65,3.7420e-66,1.9843e-07
sve2,Q,2,400000,20000,qd,ESTRIN-V,1.2798e-64,1.2073e-65,1.6504e-07
sve2,Q,2,400000,20000,qd,EVALDIFF,1.4896e-65,2.3993e-66,7.7046e-08
sve2,Q,2,400000,20000,qd,POLYMUL,1.0457e-65,5.6526e-66,2.1429e-07
sve2,BF,2,400000,20000,dd,HORNER,9.1871e-33,1.5949e-33,5.7945e-09
sve2,BF,2,400000,20000,dd,HORNER-V,9.1871e-33,1.5949e-33,3.9216e-09
sve2,BF,2,400000,20000,dd,ESTRIN,2.3917e-32,2.8847e-33,3.8698e-08
sve2,BF,2,400000,20000,dd,ESTRIN-V,2.3917e-32,2.8847e-33,4.6063e-08
sve2,BF,2,400000,20000,dd,EVALDIFF,1.4170e-30,1.9111e-32,3.6546e-09
sve2,BF,2,400000,20000,dd,POLYMUL,1.4830e-32,7.4703e-33,1.7743e-08
sve2,BF,2,400000,20000,td,HORNER,8.5153e-49,1.0979e-49,2.2504e-08
sve2,BF,2,400000,20000,td,HORNER-V,8.5153e-49,1.0979e-49,1.7081e-08
sve2,BF,2,400000,20000,td,ESTRIN,1.0866e-48,1.6981e-49,6.5053e-08
sve2,BF,2,400000,20000,td,ESTRIN-V,1.0866e-48,1.6981e-49,7.9700e-08
sve2,BF,2,400000,20000,td,EVALDIFF,5.8321e-49,1.4716e-49,2.3653e-08
sve2,BF,2,400000,20000,td,POLYMUL,4.8271e-49,3.3176e-49,5.7085e-08
sve2,BF,2,400000,20000,qd,HORNER,5.9734e-65,7.5729e-66,4.4318e-08
sve2,BF,2,400000,20000,qd,HORNER-V,5.9734e-65,7.5729e-66,3.2995e-08
sve2,BF,2,400000,20000,qd,ESTRIN,5.9734e-65,1.0713e-65,9.5972e-08
sve2,BF,2,400000,20000,qd,ESTRIN-V,5.9734e-65,1.0713e-65,1.1136e-07
sve2,BF,2,400000,20000,qd,EVALDIFF,7.9446e-65,9.6067e-66,4.7405e-08
sve2,BF,2,400000,20000,qd,POLYMUL,2.9333e-65,1.8612e-65,1.1234e-07
sve2,FMA,2,400000,20000,dd,HORNER,7.2504e-33,1.5697e-33,2.7378e-09
sve2,FMA,2,400000,20000,dd,HORNER-V,7.2504e-33,1.5697e-33,2.7765e-09
sve2,FMA,2,400000,20000,dd,ESTRIN,2.3917e-32,3.6851e-33,2.9430e-08
sve2,FMA,2,400000,20000,dd,ESTRIN-V,2.3917e-32,3.6851e-33,3.7814e-08
sve2,FMA,2,400000,20000,dd,EVALDIFF,5.9551e-31,1.8760e-32,2.3223e-09
sve2,FMA,2,400000,20000,dd,POLYMUL,1.4830e-32,7.4703e-33,1.2791e-08
sve2,FMA,2,400000,20000,td,HORNER,1.2098e-48,1.3379e-49,1.1296e-08
sve2,FMA,2,400000,20000,td,HORNER-V,1.2098e-48,1.3379e-49,1.3365e-08
sve2,FMA,2,400000,20000,td,ESTRIN,1.1486e-48,2.2386e-49,4.7248e-08
sve2,FMA,2,400000,20000,td,ESTRIN-V,1.1486e-48,2.2386e-49,6.4131e-08
sve2,FMA,2,400000,20000,td,EVALDIFF,1.8072e-48,2.1423e-49,2.0993e-08
sve2,FMA,2,400000,20000,td,POLYMUL,4.8271e-49,3.3176e-49,3.3614e-08
sve2,FMA,2,400000,20000,qd,HORNER,1.0099e-64,9.0005e-66,2.1826e-08
sve2,FMA,2,400000,20000,qd,HORNER-V,1.0099e-64,9.0005e-66,2.0654e-08
sve2,FMA,2,400000,20000,qd,ESTRIN,9.3628e-65,1.2225e-65,7.6992e-08
sve2,FMA,2,400000,20000,qd,ESTRIN-V,9.3628e-65,1.2225e-65,9.2357e-08
sve2,FMA,2,400000,20000,qd,EVALDIFF,6.6246e-65,9.3952e-66,2.5728e-08
sve2,FMA,2,400000,20000,qd,POLYMUL,5.5157e-65,2.1118e-65,6.2356e-08
serial,Q,3,400000,20000,dd,HORNER,1.1098e-32,1.9775e-33,6.8857e-09
serial,Q,3,400000,20000,dd,HORNER-V,1.1098e-32,1.9775e-33,7.6307e-09
serial,Q,3,400000,20000,dd,ESTRIN,2.0181e-32,3.6599e-33,3.4555e-08
serial,Q,3,400000,20000,dd,ESTRIN-V,2.0181e-32,3.6599e-33,3.4681e-08
serial,Q,3,400000,20000,dd,EVALDIFF,1.9879e-30,2.3182e-32,5.7092e-09
serial,Q,3,400000,20000,dd,POLYMUL,2.2520e-32,1.1758e-32,1.7455e-08
serial,Q,3,400000,20000,td,HORNER,6.4286e-49,1.0758e-49,6.0339e-08
serial,Q,3,400000,20000,td,HORNER-V,6.4286e-49,1.0758e-49,1.0219e-07
serial,Q,3,400000,20000,td,ESTRIN,1.0216e-48,1.5296e-49,8.2489e-08
serial,Q,3,400000,20000,td,ESTRIN-V,1.0216e-48,1.5296e-49,8.2555e-08
serial,Q,3,400000,20000,td,EVALDIFF,5.1374e-49,7.8870e-50,5.2206e-08
serial,Q,3,400000,20000,td,POLYMUL,1.7898e-48,8.2449e-49,1.5678e-07
serial,Q,3,400000,20000,qd,HORNER,2.0710e-65,2.1563e-66,1.7348e-07
serial,Q,3,400000,20000,qd,HORNER-V,2.0710e-65,2.1563e-66,1.6506e-07
serial,Q,3,400000,20000,qd,ESTRIN,2.1587e-65,3.2404e-66,2.0742e-07
serial,Q,3,400000,20000,qd,ESTRIN-V,2.1587e-65,3.2404e-66,2.0724e-07
serial,Q,3,400000,20000,qd,EVALDIFF,1.1051e-65,2.0684e-66,1.4113e-07
serial,Q,3,400000,20000,qd,POLYMUL,1.0434e-65,4.5980e-66,2.7431e-07
serial,BF,3,400000,20000,dd,HORNER,1.1098e-32,1.9626e-33,1.0142e-08
serial,BF,3,400000,20000,dd,HORNER-V,1.1098e-32,1.9626e-33,1.0038e-08
serial,BF,3,400000,20000,dd,ESTRIN,1.9347e-32,3.5367e-33,3.7675e-08
serial,BF,3,400000,20000,dd,ESTRIN-V,1.9347e-32,3.5367e-33,3.7695e-08
serial,BF,3,400000,20000,dd,EVALDIFF,1.9879e-30,2.1912e-32,7.7110e-09
serial,BF,3,400000,20000,dd,POLYMUL,2.2520e-32,1.1758e-32,2.2788e-08
serial,BF,3,400000,20000,td,HORNER,6.9686e-49,1.2213e-49,3.9140e-08
serial,BF,3,400000,20000,td,HORNER-V,6.9686e-49,1.2213e-49,4.0310e-08
serial,BF,3,400000,20000,td,ESTRIN,7.6189e-49,1.7448e-49,6.2938e-08
serial,BF,3,400000,20000,td,ESTRIN-V,7.6189e-49,1.7448e-49,6.2841e-08
serial,BF,3,400000,20000,td,EVALDIFF,6.7640e-49,1.5959e-49,4.2037e-08
serial,BF,3,400000,20000,td,POLYMUL,1.7898e-48,6.2135e-49,7.5552e-08
serial,BF,3,400000,20000,qd,HORNER,4.9240e-65,7.5788e-66,7.1676e-08
serial,BF,3,400000,20000,qd,HORNER-V,4.9240e-65,7.5788e-66,7.2844e-08
serial,BF,3,400000,20000,qd,ESTRIN,7.3427e-65,1.0558e-65,9.1529e-08
serial,BF,3,400000,20000,qd,ESTRIN-V,7.3427e-65,1.0558e-65,9.1622e-08
serial,BF,3,400000,20000,qd,EVALDIFF,1.8082e-64,1.3799e-65,6.9024e-08
serial,BF,3,400000,20000,qd,POLYMUL,3.7576e-65,1.3150e-65,1.4741e-07
serial,FMA,3,400000,20000,dd,HORNER,1.1098e-32,2.1128e-33,4.6822e-09
serial,FMA,3,400000,20000,dd,HORNER-V,1.1098e-32,2.1128e-33,6.3633e-09
serial,FMA,3,400000,20000,dd,ESTRIN,2.4676e-32,4.3623e-33,3.0573e-08
serial,FMA,3,400000,20000,dd,ESTRIN-V,2.4676e-32,4.3623e-33,3.0662e-08
serial,FMA,3,400000,20000,dd,EVALDIFF,1.9879e-30,2.4684e-32,4.3953e-09
serial,FMA,3,400000,20000,dd,POLYMUL,1.8228e-31,4.3711e-32,1.5634e-08
serial,FMA,3,400000,20000,td,HORNER,8.5956e-49,1.4277e-49,1.8926e-08
serial,FMA,3,400000,20000,td,HORNER-V,8.5956e-49,1.4277e-49,2.0971e-08
serial,FMA,3,400000,20000,td,ESTRIN,1.0339e-48,1.9156e-49,4.7335e-08
serial,FMA,3,400000,20000,td,ESTRIN-V,1.0339e-48,1.9156e-49,4.7291e-08
serial,FMA,3,400000,20000,td,EVALDIFF,1.2460e-48,2.2052e-49,3.0584e-08
serial,FMA,3,400000,20000,td,POLYMUL,1.7898e-48,7.3017e-49,4.5029e-08
serial,FMA,3,400000,20000,qd,HORNER,5.2435e-65,8.5244e-66,3.5016e-08
serial,FMA,3,400000,20000,qd,HORNER-V,5.2435e-65,8.5244e-66,3.7239e-08
serial,FMA,3,400000,20000,qd,ESTRIN,9.5677e-65,1.2230e-65,7.5603e-08
serial,FMA,3,400000,20000,qd,ESTRIN-V,9.5677e-65,1.2230e-65,7.5823e-08
serial,FMA,3,400000,20000,qd,EVALDIFF,7.3725e-65,1.4063e-65,4.4163e-08
serial,FMA,3,400000,20000,qd,POLYMUL,6.1562e-65,1.9763e-65,8.2508e-08
neon,Q,3,400000,20000,dd,HORNER,1.1098e-32,1.9775e-33,1.4361e-08
neon,Q,3,400000,20000,dd,HORNER-V,1.1098e-32,1.9775e-33,5.7747e-09
neon,Q,3,400000,20000,dd,ESTRIN,2.0181e-32,3.6599e-33,3.5505e-08
neon,Q,3,400000,20000,dd,ESTRIN-V,2.0181e-32,3.6599e-33,4.3030e-08
neon,Q,3,400000,20000,dd,EVALDIFF,1.9879e-30,2.3182e-32,5.8657e-09
neon,Q,3,400000,20000,dd,POLYMUL,2.2520e-32,1.1758e-32,1.7913e-08
neon,Q,3,400000,20000,td,HORNER,6.4286e-49,1.0758e-49,6.2023e-08
neon,Q,3,400000,20000,td,HORNER-V,6.4286e-49,1.0758e-49,4.8523e-08
neon,Q,3,400000,20000,td,ESTRIN,1.0216e-48,1.5296e-49,8.8874e-08
neon,Q,3,400000,20000,td,ESTRIN-V,4.2849e-49,1.0336e-49,1.0858e-07
neon,Q,3,400000,20000,td,EVALDIFF,5.1374e-49,7.8870e-50,6.1521e-08
neon,Q,3,400000,20000,td,POLYMUL,1.7898e-48,8.2449e-49,1.6211e-07
neon,Q,3,400000,20000,qd,HORNER,2.0710e-65,2.1563e-66,1.7780e-07
neon,Q,3,400000,20000,qd,HORNER-V,2.0710e-65,2.1563e-66,6.0555e-08
neon,Q,3,400000,20000,qd,ESTRIN,2.1587e-65,3.2404e-66,2.1212e-07
neon,Q,3,400000,20000,qd,ESTRIN-V,1.2417e-64,1.2718e-65,1.6269e-07
neon,Q,3,400000,20000,qd,EVALDIFF,1.1051e-65,2.0684e-66,1.4635e-07
neon,Q,3,400000,20000,qd,POLYMUL,1.0434e-65,4.5980e-66,2.8214e-07
neon,BF,3,400000,20000,dd,HORNER,1.1098e-32,1.9626e-33,1.0256e-08
neon,BF,3,400000,20000,dd,HORNER-V,1.1098e-32,1.9626e-33,7.1442e-09
neon,BF,3,400000,20000,dd,ESTRIN,1.9347e-32,3.5367e-33,3.8049e-08
neon,BF,3,400000,20000,dd,ESTRIN-V,1.9347e-32,3.5367e-33,4.5483e-08
neon,BF,3,400000,20000,dd,EVALDIFF,1.9879e-30,2.1912e-32,7.8510e-09
neon,BF,3,400000,20000,dd,POLYMUL,2.2520e-32,1.1758e-32,2.3158e-08
neon,BF,3,400000,20000,td,HORNER,6.9686e-49,1.2213e-49,3.9705e-08
neon,BF,3,400000,20000,td,HORNER-V,6.9686e-49,1.2213e-49,2.8679e-08
neon,BF,3,400000,20000,td,ESTRIN,7.6189e-49,1.7448e-49,6.3812e-08
neon,BF,3,400000,20000,td,ESTRIN-V,7.6189e-49,1.7448e-49,7.7202e-08
neon,BF,3,400000,20000,td,EVALDIFF,6.7640e-49,1.5959e-49,4.2574e-08
neon,BF,3,400000,20000,td,POLYMUL,1.7898e-48,6.2135e-49,7.6841e-08
neon,BF,3,400000,20000,qd,HORNER,4.9240e-65,7.5788e-66,7.2694e-08
neon,BF,3,400000,20000,qd,HORNER-V,4.9240e-65,7.5788e-66,4.8766e-08
neon,BF,3,400000,20000,qd,ESTRIN,7.3427e-65,1.0558e-65,9.6341e-08
neon,BF,3,400000,20000,qd,ESTRIN-V,7.3427e-65,1.0558e-65,1.0886e-07
neon,BF,3,400000,20000,qd,EVALDIFF,1.8082e-64,1.3799e-65,7.7373e-08
neon,BF,3,400000,20000,qd,POLYMUL,3.7576e-65,1.3150e-65,1.4929e-07
neon,FMA,3,400000,20000,dd,HORNER,1.1098e-32,2.1128e-33,4.6960e-09
neon,FMA,3,400000,20000,dd,HORNER-V,1.1098e-32,2.1128e-33,4.5281e-09
neon,FMA,3,400000,20000,dd,ESTRIN,2.4676e-32,4.3623e-33,3.1029e-08
neon,FMA,3,400000,20000,dd,ESTRIN-V,2.4676e-32,4.3623e-33,3.7543e-08
neon,FMA,3,400000,20000,dd,EVALDIFF,1.9879e-30,2.4684e-32,4.4708e-09
neon,FMA,3,400000,20000,dd,POLYMUL,1.8228e-31,4.3711e-32,1.5845e-08
neon,FMA,3,400000,20000,td,HORNER,8.5956e-49,1.4277e-49,1.9147e-08
neon,FMA,3,400000,20000,td,HORNER-V,8.5956e-49,1.4277e-49,1.8485e-08
neon,FMA,3,400000,20000,td,ESTRIN,1.0339e-48,1.9156e-49,4.7933e-08
neon,FMA,3,400000,20000,td,ESTRIN-V,1.0339e-48,1.9156e-49,6.2731e-08
neon,FMA,3,400000,20000,td,EVALDIFF,1.2460e-48,2.2052e-49,3.4880e-08
neon,FMA,3,400000,20000,td,POLYMUL,1.7898e-48,7.3017e-49,4.5554e-08
neon,FMA,3,400000,20000,qd,HORNER,5.2435e-65,8.5244e-66,3.5485e-08
neon,FMA,3,400000,20000,qd,HORNER-V,5.2435e-65,8.5244e-66,2.4295e-08
neon,FMA,3,400000,20000,qd,ESTRIN,9.5677e-65,1.2230e-65,7.6315e-08
neon,FMA,3,400000,20000,qd,ESTRIN-V,9.5677e-65,1.2230e-65,9.3583e-08
neon,FMA,3,400000,20000,qd,EVALDIFF,7.3725e-65,1.4063e-65,4.4849e-08
neon,FMA,3,400000,20000,qd,POLYMUL,6.1562e-65,1.9763e-65,8.3657e-08
sve2,Q,3,400000,20000,dd,HORNER,1.1098e-32,1.9775e-33,6.9249e-09
sve2,Q,3,400000,20000,dd,HORNER-V,1.1098e-32,1.9775e-33,5.3363e-09
sve2,Q,3,400000,20000,dd,ESTRIN,2.0181e-32,3.6599e-33,3.4007e-08
sve2,Q,3,400000,20000,dd,ESTRIN-V,2.0181e-32,3.6023e-33,4.3118e-08
sve2,Q,3,400000,20000,dd,EVALDIFF,1.9879e-30,2.3182e-32,5.7715e-09
sve2,Q,3,400000,20000,dd,POLYMUL,2.2520e-32,1.1758e-32,1.7944e-08
sve2,Q,3,400000,20000,td,HORNER,6.4286e-49,1.0758e-49,6.1321e-08
sve2,Q,3,400000,20000,td,HORNER-V,6.4286e-49,1.0758e-49,5.4427e-08
sve2,Q,3,400000,20000,td,ESTRIN,1.0216e-48,1.5296e-49,8.7564e-08
sve2,Q,3,400000,20000,td,ESTRIN-V,4.2849e-49,1.0336e-49,1.1012e-07
sve2,Q,3,400000,20000,td,EVALDIFF,5.1374e-49,7.8870e-50,5.9984e-08
sve2,Q,3,400000,20000,td,POLYMUL,1.7898e-48,8.2449e-49,1.6022e-07
sve2,Q,3,400000,20000,qd,HORNER,2.0710e-65,2.1563e-66,1.7844e-07
sve2,Q,3,400000,20000,qd,HORNER-V,2.0710e-65,2.1563e-66,7.4840e-08
sve2,Q,3,400000,20000,qd,ESTRIN,2.1587e-65,3.2404e-66,2.1392e-07
sve2,Q,3,400000,20000,qd,ESTRIN-V,1.2417e-64,1.2806e-65,1.6180e-07
sve2,Q,3,400000,20000,qd,EVALDIFF,1.1051e-65,2.0684e-66,1.4533e-07
sve2,Q,3,400000,20000,qd,POLYMUL,1.0434e-65,4.5980e-66,2.8638e-07
sve2,BF,3,400000,20000,dd,HORNER,1.1098e-32,1.9626e-33,1.0247e-08
sve2,BF,3,400000,20000,dd,HORNER-V,1.1098e-32,1.9626e-33,6.6868e-09
sve2,BF,3,400000,20000,dd,ESTRIN,1.9347e-32,3.5367e-33,3.8589e-08
sve2,BF,3,400000,20000,dd,ESTRIN-V,1.9347e-32,3.5367e-33,4.6003e-08
sve2,BF,3,400000,20000,dd,EVALDIFF,1.9879e-30,2.1912e-32,7.8122e-09
sve2,BF,3,400000,20000,dd,POLYMUL,2.2520e-32,1.1758e-32,2.3286e-08
sve2,BF,3,400000,20000,td,HORNER,6.9686e-49,1.2213e-49,3.9962e-08
sve2,BF,3,400000,20000,td,HORNER-V,6.9686e-49,1.2213e-49,2.9082e-08
sve2,BF,3,400000,20000,td,ESTRIN,7.6189e-49,1.7448e-49,6.4004e-08
sve2,BF,3,400000,20000,td,ESTRIN-V,7.6189e-49,1.7448e-49,7.7640e-08
sve2,BF,3,400000,20000,td,EVALDIFF,6.7640e-49,1.5959e-49,4.2705e-08
sve2,BF,3,400000,20000,td,POLYMUL,1.7898e-48,6.2135e-49,7.6357e-08
sve2,BF,3,400000,20000,qd,HORNER,4.9240e-65,7.5788e-66,7.2390e-08
sve2,BF,3,400000,20000,qd,HORNER-V,4.9240e-65,7.5788e-66,5.1234e-08
sve2,BF,3,400000,20000,qd,ESTRIN,7.3427e-65,1.0558e-65,9.6384e-08
sve2,BF,3,400000,20000,qd,ESTRIN-V,7.3427e-65,1.0558e-65,1.1112e-07
sve2,BF,3,400000,20000,qd,EVALDIFF,1.8082e-64,1.3799e-65,7.8832e-08
sve2,BF,3,400000,20000,qd,POLYMUL,3.7576e-65,1.3150e-65,1.4898e-07
sve2,FMA,3,400000,20000,dd,HORNER,1.1098e-32,2.1128e-33,4.7092e-09
sve2,FMA,3,400000,20000,dd,HORNER-V,1.1098e-32,2.1128e-33,4.2288e-09
sve2,FMA,3,400000,20000,dd,ESTRIN,2.4676e-32,4.3623e-33,3.0120e-08
sve2,FMA,3,400000,20000,dd,ESTRIN-V,2.4676e-32,4.3623e-33,3.7275e-08
sve2,FMA,3,400000,20000,dd,EVALDIFF,1.9879e-30,2.4684e-32,4.3844e-09
sve2,FMA,3,400000,20000,dd,POLYMUL,1.8228e-31,4.3711e-32,1.6393e-08
sve2,FMA,3,400000,20000,td,HORNER,8.5956e-49,1.4277e-49,1.9183e-08
sve2,FMA,3,400000,20000,td,HORNER-V,8.5956e-49,1.4277e-49,1.8113e-08
sve2,FMA,3,400000,20000,td,ESTRIN,1.0339e-48,1.9156e-49,4.6683e-08
sve2,FMA,3,400000,20000,td,ESTRIN-V,1.0339e-48,1.9156e-49,6.2054e-08
sve2,FMA,3,400000,20000,td,EVALDIFF,1.2460e-48,2.2052e-49,3.7219e-08
sve2,FMA,3,400000,20000,td,POLYMUL,1.7898e-48,7.3017e-49,4.4669e-08
sve2,FMA,3,400000,20000,qd,HORNER,5.2435e-65,8.5244e-66,3.5992e-08
sve2,FMA,3,400000,20000,qd,HORNER-V,5.2435e-65,8.5244e-66,3.1435e-08
sve2,FMA,3,400000,20000,qd,ESTRIN,9.5677e-65,1.2230e-65,7.7485e-08
sve2,FMA,3,400000,20000,qd,ESTRIN-V,9.5677e-65,1.2230e-65,9.2527e-08
sve2,FMA,3,400000,20000,qd,EVALDIFF,7.3725e-65,1.4063e-65,4.4226e-08
sve2,FMA,3,400000,20000,qd,POLYMUL,6.1562e-65,1.9763e-65,8.2930e-08
serial,Q,4,400000,20000,dd,HORNER,7.6647e-33,1.7504e-33,1.0444e-08
serial,Q,4,400000,20000,dd,HORNER-V,7.6647e-33,1.7504e-33,1.1748e-08
serial,Q,4,400000,20000,dd,ESTRIN,2.4805e-32,5.0799e-33,4.8942e-08
serial,Q,4,400000,20000,dd,ESTRIN-V,2.4805e-32,5.0799e-33,4.8851e-08
serial,Q,4,400000,20000,dd,EVALDIFF,3.2079e-30,2.6092e-32,9.2112e-09
serial,Q,4,400000,20000,dd,POLYMUL,1.1274e-32,5.3475e-33,3.0009e-08
serial,Q,4,400000,20000,td,HORNER,1.1984e-48,1.2084e-49,8.7278e-08
serial,Q,4,400000,20000,td,HORNER-V,1.1984e-48,1.2084e-49,1.4281e-07
serial,Q,4,400000,20000,td,ESTRIN,1.0867e-48,1.6322e-49,1.3871e-07
serial,Q,4,400000,20000,td,ESTRIN-V,1.0867e-48,1.6322e-49,1.3868e-07
serial,Q,4,400000,20000,td,EVALDIFF,1.1147e-48,1.1491e-49,7.9031e-08
serial,Q,4,400000,20000,td,POLYMUL,3.6136e-48,1.0884e-48,2.8087e-07
serial,Q,4,400000,20000,qd,HORNER,1.5485e-65,2.5526e-66,2.3455e-07
serial,Q,4,400000,20000,qd,HORNER-V,1.5485e-65,2.5526e-66,2.2068e-07
serial,Q,4,400000,20000,qd,ESTRIN,2.0863e-65,4.3293e-66,3.4231e-07
serial,Q,4,400000,20000,qd,ESTRIN-V,2.0863e-65,4.3293e-66,3.4223e-07
serial,Q,4,400000,20000,qd,EVALDIFF,1.7729e-65,3.2084e-66,2.0718e-07
serial,Q,4,400000,20000,qd,POLYMUL,3.9131e-65,8.7706e-66,5.1844e-07
serial,BF,4,400000,20000,dd,HORNER,7.6647e-33,1.7302e-33,1.5165e-08
serial,BF,4,400000,20000,dd,HORNER-V,7.6647e-33,1.7302e-33,1.5116e-08
serial,BF,4,400000,20000,dd,ESTRIN,2.4662e-32,4.8933e-33,5.3365e-08
serial,BF,4,400000,20000,dd,ESTRIN-V,2.4662e-32,4.8933e-33,5.3351e-08
serial,BF,4,400000,20000,dd,EVALDIFF,3.2079e-30,2.6125e-32,1.2579e-08
serial,BF,4,400000,20000,dd,POLYMUL,1.1274e-32,5.3475e-33,3.9518e-08
serial,BF,4,400000,20000,td,HORNER,7.8661e-49,1.2378e-49,5.7940e-08
serial,BF,4,400000,20000,td,HORNER-V,7.8661e-49,1.2378e-49,5.9144e-08
serial,BF,4,400000,20000,td,ESTRIN,1.5990e-48,2.3041e-49,1.0724e-07
serial,BF,4,400000,20000,td,ESTRIN-V,1.5990e-48,2.3041e-49,1.0724e-07
serial,BF,4,400000,20000,td,EVALDIFF,6.6880e-49,1.7739e-49,6.1036e-08
serial,BF,4,400000,20000,td,POLYMUL,3.9327e-47,5.8520e-48,1.3097e-07
serial,BF,4,400000,20000,qd,HORNER,4.1094e-65,8.2713e-66,9.9428e-08
serial,BF,4,400000,20000,qd,HORNER-V,4.1094e-65,8.2713e-66,1.0007e-07
serial,BF,4,400000,20000,qd,ESTRIN,7.5870e-65,1.2915e-65,1.4349e-07
serial,BF,4,400000,20000,qd,ESTRIN-V,7.5870e-65,1.2915e-65,1.4354e-07
serial,BF,4,400000,20000,qd,EVALDIFF,6.2977e-65,1.2134e-65,1.0114e-07
serial,BF,4,400000,20000,qd,POLYMUL,1.2693e-64,6.3817e-65,2.7119e-07
serial,FMA,4,400000,20000,dd,HORNER,6.7199e-33,1.7572e-33,6.8186e-09
serial,FMA,4,400000,20000,dd,HORNER-V,6.7199e-33,1.7572e-33,8.7108e-09
serial,FMA,4,400000,20000,dd,ESTRIN,3.3861e-32,5.9136e-33,4.2728e-08
serial,FMA,4,400000,20000,dd,ESTRIN-V,3.3861e-32,5.9136e-33,4.2766e-08
serial,FMA,4,400000,20000,dd,EVALDIFF,3.2079e-30,2.7653e-32,6.7118e-09
serial,FMA,4,400000,20000,dd,POLYMUL,9.6090e-33,5.1095e-33,2.7433e-08
serial,FMA,4,400000,20000,td,HORNER,1.1118e-48,1.5835e-49,2.8045e-08
serial,FMA,4,400000,20000,td,HORNER-V,1.1118e-48,1.5835e-49,3.0463e-08
serial,FMA,4,400000,20000,td,ESTRIN,1.5990e-48,2.5550e-49,7.9857e-08
serial,FMA,4,400000,20000,td,ESTRIN-V,1.5990e-48,2.5550e-49,7.9656e-08
serial,FMA,4,400000,20000,td,EVALDIFF,1.9708e-48,2.6581e-49,4.2197e-08
serial,FMA,4,400000,20000,td,POLYMUL,3.9327e-47,5.7987e-48,7.6933e-08
serial,FMA,4,400000,20000,qd,HORNER,4.3486e-65,8.5698e-66,4.8751e-08
serial,FMA,4,400000,20000,qd,HORNER-V,4.3486e-65,8.5698e-66,5.0727e-08
serial,FMA,4,400000,20000,qd,ESTRIN,9.9378e-65,1.5574e-65,1.1708e-07
serial,FMA,4,400000,20000,qd,ESTRIN-V,9.9378e-65,1.5574e-65,1.1712e-07
serial,FMA,4,400000,20000,qd,EVALDIFF,9.1525e-65,1.2541e-65,6.2638e-08
serial,FMA,4,400000,20000,qd,POLYMUL,2.2780e-63,3.5289e-64,1.3701e-07
neon,Q,4,400000,20000,dd,HORNER,7.6647e-33,1.7504e-33,1.0479e-08
neon,Q,4,400000,20000,dd,HORNER-V,7.6647e-33,1.7504e-33,8.7439e-09
neon,Q,4,400000,20000,dd,ESTRIN,2.4805e-32,5.0799e-33,4.8874e-08
neon,Q,4,400000,20000,dd,ESTRIN-V,2.4805e-32,5.0799e-33,5.0576e-08
neon,Q,4,400000,20000,dd,EVALDIFF,3.2079e-30,2.6092e-32,9.2070e-09
neon,Q,4,400000,20000,dd,POLYMUL,1.1274e-32,5.3475e-33,3.0059e-08
neon,Q,4,400000,20000,td,HORNER,1.1984e-48,1.2084e-49,8.7197e-08
neon,Q,4,400000,20000,td,HORNER-V,1.1984e-48,1.2084e-49,6.5269e-08
neon,Q,4,400000,20000,td,ESTRIN,1.0867e-48,1.6322e-49,1.4298e-07
neon,Q,4,400000,20000,td,ESTRIN-V,5.3515e-49,1.2337e-49,1.6156e-07
neon,Q,4,400000,20000,td,EVALDIFF,1.1147e-48,1.1491e-49,8.2114e-08
neon,Q,4,400000,20000,td,POLYMUL,3.6136e-48,1.0884e-48,2.8156e-07
neon,Q,4,400000,20000,qd,HORNER,1.5485e-65,2.5526e-66,2.3449e-07
neon,Q,4,400000,20000,qd,HORNER-V,1.5485e-65,2.5526e-66,8.0523e-08
neon,Q,4,400000,20000,qd,ESTRIN,2.0863e-65,4.3293e-66,3.4293e-07
neon,Q,4,400000,20000,qd,ESTRIN-V,1.2179e-64,1.2766e-65,2.4321e-07
neon,Q,4,400000,20000,qd,EVALDIFF,1.7729e-65,3.2084e-66,2.0909e-07
neon,Q,4,400000,20000,qd,POLYMUL,3.9131e-65,8.7706e-66,5.1871e-07
neon,BF,4,400000,20000,dd,HORNER,7.6647e-33,1.7302e-33,1.5158e-08
neon,BF,4,400000,20000,dd,HORNER-V,7.6647e-33,1.7302e-33,1.0370e-08
neon,BF,4,400000,20000,dd,ESTRIN,2.4662e-32,4.8933e-33,5.3489e-08
neon,BF,4,400000,20000,dd,ESTRIN-V,2.4662e-32,4.8933e-33,5.5377e-08
neon,BF,4,400000,20000,dd,EVALDIFF,3.2079e-30,2.6125e-32,1.2595e-08
neon,BF,4,400000,20000,dd,POLYMUL,1.1274e-32,5.3475e-33,3.9522e-08
neon,BF,4,400000,20000,td,HORNER,7.8661e-49,1.2378e-49,5.8109e-08
neon,BF,4,400000,20000,td,HORNER-V,7.8661e-49,1.2378e-49,4.0754e-08
neon,BF,4,400000,20000,td,ESTRIN,1.5990e-48,2.3041e-49,1.0722e-07
neon,BF,4,400000,20000,td,ESTRIN-V,1.5990e-48,2.3041e-49,1.0296e-07
neon,BF,4,400000,20000,td,EVALDIFF,6.6880e-49,1.7739e-49,6.1094e-08
neon,BF,4,400000,20000,td,POLYMUL,3.9327e-47,5.8520e-48,1.3118e-07
neon,BF,4,400000,20000,qd,HORNER,4.1094e-65,8.2713e-66,9.9620e-08
neon,BF,4,400000,20000,qd,HORNER-V,4.1094e-65,8.2713e-66,6.5878e-08
neon,BF,4,400000,20000,qd,ESTRIN,7.5870e-65,1.2915e-65,1.4730e-07
neon,BF,4,400000,20000,qd,ESTRIN-V,7.5870e-65,1.2915e-65,1.5818e-07
neon,BF,4,400000,20000,qd,EVALDIFF,6.2977e-65,1.2134e-65,1.1002e-07
neon,BF,4,400000,20000,qd,POLYMUL,1.2693e-64,6.3817e-65,2.7111e-07
neon,FMA,4,400000,20000,dd,HORNER,6.7199e-33,1.7572e-33,6.8264e-09
neon,FMA,4,400000,20000,dd,HORNER-V,6.7199e-33,1.7572e-33,6.2111e-09
neon,FMA,4,400000,20000,dd,ESTRIN,3.3861e-32,5.9136e-33,4.2760e-08
neon,FMA,4,400000,20000,dd,ESTRIN-V,3.3861e-32,5.9136e-33,4.3648e-08
neon,FMA,4,400000,20000,dd,EVALDIFF,3.2079e-30,2.7653e-32,6.7394e-09
neon,FMA,4,400000,20000,dd,POLYMUL,9.6090e-33,5.1095e-33,2.7038e-08
neon,FMA,4,400000,20000,td,HORNER,1.1118e-48,1.5835e-49,2.7918e-08
neon,FMA,4,400000,20000,td,HORNER-V,1.1118e-48,1.5835e-49,2.6533e-08
neon,FMA,4,400000,20000,td,ESTRIN,1.5990e-48,2.5550e-49,7.9351e-08
neon,FMA,4,400000,20000,td,ESTRIN-V,1.5990e-48,2.5550e-49,8.2903e-08
neon,FMA,4,400000,20000,td,EVALDIFF,1.9708e-48,2.6581e-49,4.6393e-08
neon,FMA,4,400000,20000,td,POLYMUL,3.9327e-47,5.7987e-48,7.7167e-08
neon,FMA,4,400000,20000,qd,HORNER,4.3486e-65,8.5698e-66,4.8893e-08
neon,FMA,4,400000,20000,qd,HORNER-V,4.3486e-65,8.5698e-66,3.2539e-08
neon,FMA,4,400000,20000,qd,ESTRIN,9.9378e-65,1.5574e-65,1.1736e-07
neon,FMA,4,400000,20000,qd,ESTRIN-V,9.9378e-65,1.5574e-65,1.3492e-07
neon,FMA,4,400000,20000,qd,EVALDIFF,9.1525e-65,1.2541e-65,6.2682e-08
neon,FMA,4,400000,20000,qd,POLYMUL,2.2780e-63,3.5289e-64,1.3710e-07
sve2,Q,4,400000,20000,dd,HORNER,7.6647e-33,1.7504e-33,1.0441e-08
sve2,Q,4,400000,20000,dd,HORNER-V,7.6647e-33,1.7504e-33,8.0617e-09
sve2,Q,4,400000,20000,dd,ESTRIN,2.4805e-32,5.0799e-33,4.4646e-08
sve2,Q,4,400000,20000,dd,ESTRIN-V,2.4805e-32,4.9725e-33,5.1009e-08
sve2,Q,4,400000,20000,dd,EVALDIFF,3.2079e-30,2.6092e-32,9.1998e-09
sve2,Q,4,400000,20000,dd,POLYMUL,1.1274e-32,5.3475e-33,3.0314e-08
sve2,Q,4,400000,20000,td,HORNER,1.1984e-48,1.2084e-49,8.7140e-08
sve2,Q,4,400000,20000,td,HORNER-V,1.1984e-48,1.2084e-49,7.4000e-08
sve2,Q,4,400000,20000,td,ESTRIN,1.0867e-48,1.6322e-49,1.4268e-07
sve2,Q,4,400000,20000,td,ESTRIN-V,5.3515e-49,1.2337e-49,1.6297e-07
sve2,Q,4,400000,20000,td,EVALDIFF,1.1147e-48,1.1491e-49,8.5334e-08
sve2,Q,4,400000,20000,td,POLYMUL,3.6136e-48,1.0884e-48,2.8298e-07
sve2,Q,4,400000,20000,qd,HORNER,1.5485e-65,2.5526e-66,2.3804e-07
sve2,Q,4,400000,20000,qd,HORNER-V,1.5485e-65,2.5526e-66,9.9657e-08
sve2,Q,4,400000,20000,qd,ESTRIN,2.0863e-65,4.3293e-66,3.4965e-07
sve2,Q,4,400000,20000,qd,ESTRIN-V,1.2179e-64,1.3061e-65,2.5079e-07
sve2,Q,4,400000,20000,qd,EVALDIFF,1.7729e-65,3.2084e-66,2.1039e-07
sve2,Q,4,400000,20000,qd,POLYMUL,3.9131e-65,8.7706e-66,5.2594e-07
sve2,BF,4,400000,20000,dd,HORNER,7.6647e-33,1.7302e-33,1.5179e-08
sve2,BF,4,400000,20000,dd,HORNER-V,7.6647e-33,1.7302e-33,9.7982e-09
sve2,BF,4,400000,20000,dd,ESTRIN,2.4662e-32,4.8933e-33,5.4344e-08
sve2,BF,4,400000,20000,dd,ESTRIN-V,2.4662e-32,4.8933e-33,5.6149e-08
sve2,BF,4,400000,20000,dd,EVALDIFF,3.2079e-30,2.6125e-32,1.2662e-08
sve2,BF,4,400000,20000,dd,POLYMUL,1.1274e-32,5.3475e-33,3.9974e-08
sve2,BF,4,400000,20000,td,HORNER,7.8661e-49,1.2378e-49,5.8351e-08
sve2,BF,4,400000,20000,td,HORNER-V,7.8661e-49,1.2378e-49,4.0781e-08
sve2,BF,4,400000,20000,td,ESTRIN,1.5990e-48,2.3041e-49,1.0735e-07
sve2,BF,4,400000,20000,td,ESTRIN-V,1.5990e-48,2.3041e-49,1.0397e-07
sve2,BF,4,400000,20000,td,EVALDIFF,6.6880e-49,1.7739e-49,6.1132e-08
sve2,BF,4,400000,20000,td,POLYMUL,3.9327e-47,5.8520e-48,1.3137e-07
sve2,BF,4,400000,20000,qd,HORNER,4.1094e-65,8.2713e-66,9.9068e-08
sve2,BF,4,400000,20000,qd,HORNER-V,4.1094e-65,8.2713e-66,6.8632e-08
sve2,BF,4,400000,20000,qd,ESTRIN,7.5870e-65,1.2915e-65,1.4714e-07
sve2,BF,4,400000,20000,qd,ESTRIN-V,7.5870e-65,1.2915e-65,1.6098e-07
sve2,BF,4,400000,20000,qd,EVALDIFF,6.2977e-65,1.2134e-65,1.0810e-07
sve2,BF,4,400000,20000,qd,POLYMUL,1.2693e-64,6.3817e-65,2.7014e-07
sve2,FMA,4,400000,20000,dd,HORNER,6.7199e-33,1.7572e-33,6.8114e-09
sve2,FMA,4,400000,20000,dd,HORNER-V,6.7199e-33,1.7572e-33,6.2196e-09
sve2,FMA,4,400000,20000,dd,ESTRIN,3.3861e-32,5.9136e-33,4.0293e-08
sve2,FMA,4,400000,20000,dd,ESTRIN-V,3.3861e-32,5.9136e-33,4.3738e-08
sve2,FMA,4,400000,20000,dd,EVALDIFF,3.2079e-30,2.7653e-32,6.7317e-09
sve2,FMA,4,400000,20000,dd,POLYMUL,9.6090e-33,5.1095e-33,2.8517e-08
sve2,FMA,4,400000,20000,td,HORNER,1.1118e-48,1.5835e-49,2.8564e-08
sve2,FMA,4,400000,20000,td,HORNER-V,1.1118e-48,1.5835e-49,2.5814e-08
sve2,FMA,4,400000,20000,td,ESTRIN,1.5990e-48,2.5550e-49,7.9518e-08
sve2,FMA,4,400000,20000,td,ESTRIN-V,1.5990e-48,2.5550e-49,8.2841e-08
sve2,FMA,4,400000,20000,td,EVALDIFF,1.9708e-48,2.6581e-49,4.6613e-08
sve2,FMA,4,400000,20000,td,POLYMUL,3.9327e-47,5.7987e-48,7.6938e-08
sve2,FMA,4,400000,20000,qd,HORNER,4.3486e-65,8.5698e-66,5.0298e-08
sve2,FMA,4,400000,20000,qd,HORNER-V,4.3486e-65,8.5698e-66,4.1961e-08
sve2,FMA,4,400000,20000,qd,ESTRIN,9.9378e-65,1.5574e-65,1.1801e-07
sve2,FMA,4,400000,20000,qd,ESTRIN-V,9.9378e-65,1.5574e-65,1.3524e-07
sve2,FMA,4,400000,20000,qd,EVALDIFF,9.1525e-65,1.2541e-65,6.2659e-08
sve2,FMA,4,400000,20000,qd,POLYMUL,2.2780e-63,3.5289e-64,1.3716e-07
serial,Q,6,400000,20000,dd,HORNER,1.0157e-32,1.8680e-33,1.8988e-08
serial,Q,6,400000,20000,dd,HORNER-V,1.0157e-32,1.8680e-33,1.9121e-08
serial,Q,6,400000,20000,dd,ESTRIN,2.1319e-32,5.0839e-33,5.8198e-08
serial,Q,6,400000,20000,dd,ESTRIN-V,2.1319e-32,5.0839e-33,5.8184e-08
serial,Q,6,400000,20000,dd,EVALDIFF,2.4695e-31,1.1709e-32,1.7599e-08
serial,Q,6,400000,20000,dd,POLYMUL,1.3049e-32,4.2943e-33,5.1016e-08
serial,Q,6,400000,20000,td,HORNER,8.0567e-49,1.1022e-49,1.4250e-07
serial,Q,6,400000,20000,td,HORNER-V,8.0567e-49,1.1022e-49,2.1333e-07
serial,Q,6,400000,20000,td,ESTRIN,1.1206e-48,1.7125e-49,1.5398e-07
serial,Q,6,400000,20000,td,ESTRIN-V,1.1206e-48,1.7125e-49,1.5371e-07
serial,Q,6,400000,20000,td,EVALDIFF,5.6409e-49,9.6132e-50,1.3428e-07
serial,Q,6,400000,20000,td,POLYMUL,5.4026e-48,1.2439e-48,5.2300e-07
serial,Q,6,400000,20000,qd,HORNER,1.8286e-65,2.3357e-66,3.5647e-07
serial,Q,6,400000,20000,qd,HORNER-V,1.8286e-65,2.3357e-66,3.3541e-07
serial,Q,6,400000,20000,qd,ESTRIN,2.9483e-65,4.2418e-66,4.1069e-07
serial,Q,6,400000,20000,qd,ESTRIN-V,2.9483e-65,4.2418e-66,4.1028e-07
serial,Q,6,400000,20000,qd,EVALDIFF,1.9834e-65,2.8598e-66,3.3948e-07
serial,Q,6,400000,20000,qd,POLYMUL,9.8661e-66,3.5663e-66,9.6353e-07
serial,BF,6,400000,20000,dd,HORNER,1.0157e-32,1.8586e-33,2.7663e-08
serial,BF,6,400000,20000,dd,HORNER-V,1.0157e-32,1.8586e-33,2.6174e-08
serial,BF,6,400000,20000,dd,ESTRIN,2.1319e-32,4.9912e-33,6.4083e-08
serial,BF,6,400000,20000,dd,ESTRIN-V,2.1319e-32,4.9912e-33,6.3934e-08
serial,BF,6,400000,20000,dd,EVALDIFF,2.4695e-31,1.1458e-32,2.4998e-08
serial,BF,6,400000,20000,dd,POLYMUL,1.3049e-32,3.9515e-33,6.8474e-08
serial,BF,6,400000,20000,td,HORNER,8.7366e-49,1.1781e-49,9.6684e-08
serial,BF,6,400000,20000,td,HORNER-V,8.7366e-49,1.1781e-49,9.7887e-08
serial,BF,6,400000,20000,td,ESTRIN,1.1448e-48,2.2150e-49,1.1576e-07
serial,BF,6,400000,20000,td,ESTRIN-V,1.1448e-48,2.2150e-49,1.1595e-07
serial,BF,6,400000,20000,td,EVALDIFF,9.5559e-49,1.6009e-49,1.0032e-07
serial,BF,6,400000,20000,td,POLYMUL,5.4026e-48,1.2906e-48,2.4393e-07
serial,BF,6,400000,20000,qd,HORNER,8.2352e-65,7.9496e-66,1.5708e-07
serial,BF,6,400000,20000,qd,HORNER-V,8.2352e-65,7.9496e-66,1.5707e-07
serial,BF,6,400000,20000,qd,ESTRIN,7.2295e-65,1.2656e-65,1.4969e-07
serial,BF,6,400000,20000,qd,ESTRIN-V,7.2295e-65,1.2656e-65,1.4959e-07
serial,BF,6,400000,20000,qd,EVALDIFF,7.6662e-65,1.1498e-65,1.6724e-07
serial,BF,6,400000,20000,qd,POLYMUL,3.7487e-64,6.0207e-65,5.0867e-07
serial,FMA,6,400000,20000,dd,HORNER,1.0157e-32,1.8872e-33,1.2192e-08
serial,FMA,6,400000,20000,dd,HORNER-V,1.0157e-32,1.8872e-33,1.4031e-08
serial,FMA,6,400000,20000,dd,ESTRIN,3.1031e-32,6.2325e-33,5.3494e-08
serial,FMA,6,400000,20000,dd,ESTRIN-V,3.1031e-32,6.2325e-33,5.3642e-08
serial,FMA,6,400000,20000,dd,EVALDIFF,3.2977e-31,1.4093e-32,1.2244e-08
serial,FMA,6,400000,20000,dd,POLYMUL,1.3049e-32,4.9085e-33,4.5976e-08
serial,FMA,6,400000,20000,td,HORNER,9.9513e-49,1.2411e-49,4.8228e-08
serial,FMA,6,400000,20000,td,HORNER-V,9.9513e-49,1.2411e-49,5.1682e-08
serial,FMA,6,400000,20000,td,ESTRIN,1.3935e-48,2.8678e-49,8.5039e-08
serial,FMA,6,400000,20000,td,ESTRIN-V,1.3935e-48,2.8678e-49,8.5109e-08
serial,FMA,6,400000,20000,td,EVALDIFF,1.7828e-48,2.6240e-49,6.6873e-08
serial,FMA,6,400000,20000,td,POLYMUL,5.4026e-48,1.2494e-48,1.3197e-07
serial,FMA,6,400000,20000,qd,HORNER,1.0490e-64,8.5919e-66,7.7349e-08
serial,FMA,6,400000,20000,qd,HORNER-V,1.0490e-64,8.5919e-66,7.9270e-08
serial,FMA,6,400000,20000,qd,ESTRIN,8.3664e-65,1.4469e-65,1.2130e-07
serial,FMA,6,400000,20000,qd,ESTRIN-V,8.3664e-65,1.4469e-65,1.2113e-07
serial,FMA,6,400000,20000,qd,EVALDIFF,1.1302e-64,1.5874e-65,1.0101e-07
serial,FMA,6,400000,20000,qd,POLYMUL,4.3011e-64,6.4355e-65,2.5426e-07
neon,Q,6,400000,20000,dd,HORNER,1.0157e-32,1.8680e-33,1.9208e-08
neon,Q,6,400000,20000,dd,HORNER-V,1.0157e-32,1.8680e-33,1.4221e-08
neon,Q,6,400000,20000,dd,ESTRIN,2.1319e-32,5.0839e-33,5.8909e-08
neon,Q,6,400000,20000,dd,ESTRIN-V,2.1319e-32,5.0839e-33,5.1559e-08
neon,Q,6,400000,20000,dd,EVALDIFF,2.4695e-31,1.1709e-32,1.7821e-08
neon,Q,6,400000,20000,dd,POLYMUL,1.3049e-32,4.2943e-33,5.1670e-08
neon,Q,6,400000,20000,td,HORNER,8.0567e-49,1.1022e-49,1.4309e-07
neon,Q,6,400000,20000,td,HORNER-V,8.0567e-49,1.1022e-49,1.0294e-07
neon,Q,6,400000,20000,td,ESTRIN,1.1206e-48,1.7125e-49,1.5998e-07
neon,Q,6,400000,20000,td,ESTRIN-V,6.7134e-49,1.2265e-49,1.6229e-07
neon,Q,6,400000,20000,td,EVALDIFF,5.6409e-49,9.6132e-50,1.4235e-07
neon,Q,6,400000,20000,td,POLYMUL,5.4026e-48,1.2439e-48,5.2796e-07
neon,Q,6,400000,20000,qd,HORNER,1.8286e-65,2.3357e-66,3.6200e-07
neon,Q,6,400000,20000,qd,HORNER-V,1.8286e-65,2.3357e-66,1.2430e-07
neon,Q,6,400000,20000,qd,ESTRIN,2.9483e-65,4.2418e-66,4.1710e-07
neon,Q,6,400000,20000,qd,ESTRIN-V,1.2180e-64,1.3140e-65,2.4851e-07
neon,Q,6,400000,20000,qd,EVALDIFF,1.9834e-65,2.8598e-66,3.4782e-07
neon,Q,6,400000,20000,qd,POLYMUL,9.8661e-66,3.5663e-66,9.7726e-07
neon,BF,6,400000,20000,dd,HORNER,1.0157e-32,1.8586e-33,2.7703e-08
neon,BF,6,400000,20000,dd,HORNER-V,1.0157e-32,1.8586e-33,1.8842e-08
neon,BF,6,400000,20000,dd,ESTRIN,2.1319e-32,4.9912e-33,6.4069e-08
neon,BF,6,400000,20000,dd,ESTRIN-V,2.1319e-32,4.9912e-33,5.6177e-08
neon,BF,6,400000,20000,dd,EVALDIFF,2.4695e-31,1.1458e-32,2.5066e-08
neon,BF,6,400000,20000,dd,POLYMUL,1.3049e-32,3.9515e-33,6.8367e-08
neon,BF,6,400000,20000,td,HORNER,8.7366e-49,1.1781e-49,9.6865e-08
neon,BF,6,400000,20000,td,HORNER-V,8.7366e-49,1.1781e-49,6.6683e-08
neon,BF,6,400000,20000,td,ESTRIN,1.1448e-48,2.2150e-49,1.1604e-07
neon,BF,6,400000,20000,td,ESTRIN-V,1.1448e-48,2.2150e-49,1.0369e-07
neon,BF,6,400000,20000,td,EVALDIFF,9.5559e-49,1.6009e-49,1.0037e-07
neon,BF,6,400000,20000,td,POLYMUL,5.4026e-48,1.2906e-48,2.4469e-07
neon,BF,6,400000,20000,qd,HORNER,8.2352e-65,7.9496e-66,1.5726e-07
neon,BF,6,400000,20000,qd,HORNER-V,8.2352e-65,7.9496e-66,1.0227e-07
neon,BF,6,400000,20000,qd,ESTRIN,7.2295e-65,1.2656e-65,1.5305e-07
neon,BF,6,400000,20000,qd,ESTRIN-V,7.2295e-65,1.2656e-65,1.5982e-07
neon,BF,6,400000,20000,qd,EVALDIFF,7.6662e-65,1.1498e-65,1.7560e-07
neon,BF,6,400000,20000,qd,POLYMUL,3.7487e-64,6.0207e-65,5.0973e-07
neon,FMA,6,400000,20000,dd,HORNER,1.0157e-32,1.8872e-33,1.2051e-08
neon,FMA,6,400000,20000,dd,HORNER-V,1.0157e-32,1.8872e-33,1.0427e-08
neon,FMA,6,400000,20000,dd,ESTRIN,3.1031e-32,6.2325e-33,5.2782e-08
neon,FMA,6,400000,20000,dd,ESTRIN-V,3.1031e-32,6.2325e-33,4.3626e-08
neon,FMA,6,400000,20000,dd,EVALDIFF,3.2977e-31,1.4093e-32,1.2066e-08
neon,FMA,6,400000,20000,dd,POLYMUL,1.3049e-32,4.9085e-33,4.5302e-08
neon,FMA,6,400000,20000,td,HORNER,9.9513e-49,1.2411e-49,4.7656e-08
neon,FMA,6,400000,20000,td,HORNER-V,9.9513e-49,1.2411e-49,4.2869e-08
neon,FMA,6,400000,20000,td,ESTRIN,1.3935e-48,2.8678e-49,8.3491e-08
neon,FMA,6,400000,20000,td,ESTRIN-V,1.3935e-48,2.8678e-49,8.2076e-08
neon,FMA,6,400000,20000,td,EVALDIFF,1.7828e-48,2.6240e-49,7.0685e-08
neon,FMA,6,400000,20000,td,POLYMUL,5.4026e-48,1.2494e-48,1.2983e-07
neon,FMA,6,400000,20000,qd,HORNER,1.0490e-64,8.5919e-66,7.6213e-08
neon,FMA,6,400000,20000,qd,HORNER-V,1.0490e-64,8.5919e-66,4.9981e-08
neon,FMA,6,400000,20000,qd,ESTRIN,8.3664e-65,1.4469e-65,1.2057e-07
neon,FMA,6,400000,20000,qd,ESTRIN-V,8.3664e-65,1.4469e-65,1.3547e-07
neon,FMA,6,400000,20000,qd,EVALDIFF,1.1302e-64,1.5874e-65,9.9670e-08
neon,FMA,6,400000,20000,qd,POLYMUL,4.3011e-64,6.4355e-65,2.5075e-07
sve2,Q,6,400000,20000,dd,HORNER,1.0157e-32,1.8680e-33,1.8928e-08
sve2,Q,6,400000,20000,dd,HORNER-V,1.0157e-32,1.8680e-33,1.2967e-08
sve2,Q,6,400000,20000,dd,ESTRIN,2.1319e-32,5.0839e-33,5.7430e-08
sve2,Q,6,400000,20000,dd,ESTRIN-V,2.1319e-32,4.9960e-33,5.1455e-08
sve2,Q,6,400000,20000,dd,EVALDIFF,2.4695e-31,1.1709e-32,1.7588e-08
sve2,Q,6,400000,20000,dd,POLYMUL,1.3049e-32,4.2943e-33,5.1399e-08
sve2,Q,6,400000,20000,td,HORNER,8.0567e-49,1.1022e-49,1.4090e-07
sve2,Q,6,400000,20000,td,HORNER-V,8.0567e-49,1.1022e-49,1.1502e-07
sve2,Q,6,400000,20000,td,ESTRIN,1.1206e-48,1.7125e-49,1.5677e-07
sve2,Q,6,400000,20000,td,ESTRIN-V,6.7134e-49,1.2265e-49,1.6253e-07
sve2,Q,6,400000,20000,td,EVALDIFF,5.6409e-49,9.6132e-50,1.4665e-07
sve2,Q,6,400000,20000,td,POLYMUL,5.4026e-48,1.2439e-48,5.2124e-07
sve2,Q,6,400000,20000,qd,HORNER,1.8286e-65,2.3357e-66,3.6145e-07
sve2,Q,6,400000,20000,qd,HORNER-V,1.8286e-65,2.3357e-66,1.5050e-07
sve2,Q,6,400000,20000,qd,ESTRIN,2.9483e-65,4.2418e-66,4.2039e-07
sve2,Q,6,400000,20000,qd,ESTRIN-V,1.2180e-64,1.3366e-65,2.5077e-07
sve2,Q,6,400000,20000,qd,EVALDIFF,1.9834e-65,2.8598e-66,3.4491e-07
sve2,Q,6,400000,20000,qd,POLYMUL,9.8661e-66,3.5663e-66,9.8141e-07
sve2,BF,6,400000,20000,dd,HORNER,1.0157e-32,1.8586e-33,2.7334e-08
sve2,BF,6,400000,20000,dd,HORNER-V,1.0157e-32,1.8586e-33,1.7502e-08
sve2,BF,6,400000,20000,dd,ESTRIN,2.1319e-32,4.9912e-33,6.3825e-08
sve2,BF,6,400000,20000,dd,ESTRIN-V,2.1319e-32,4.9912e-33,5.6500e-08
sve2,BF,6,400000,20000,dd,EVALDIFF,2.4695e-31,1.1458e-32,2.4715e-08
sve2,BF,6,400000,20000,dd,POLYMUL,1.3049e-32,3.9515e-33,6.7659e-08
sve2,BF,6,400000,20000,td,HORNER,8.7366e-49,1.1781e-49,9.6265e-08
sve2,BF,6,400000,20000,td,HORNER-V,8.7366e-49,1.1781e-49,6.5027e-08
sve2,BF,6,400000,20000,td,ESTRIN,1.1448e-48,2.2150e-49,1.1546e-07
sve2,BF,6,400000,20000,td,ESTRIN-V,1.1448e-48,2.2150e-49,1.0400e-07
sve2,BF,6,400000,20000,td,EVALDIFF,9.5559e-49,1.6009e-49,9.9343e-08
sve2,BF,6,400000,20000,td,POLYMUL,5.4026e-48,1.2906e-48,2.4150e-07
sve2,BF,6,400000,20000,qd,HORNER,8.2352e-65,7.9496e-66,1.5448e-07
sve2,BF,6,400000,20000,qd,HORNER-V,8.2352e-65,7.9496e-66,1.0417e-07
sve2,BF,6,400000,20000,qd,ESTRIN,7.2295e-65,1.2656e-65,1.5067e-07
sve2,BF,6,400000,20000,qd,ESTRIN-V,7.2295e-65,1.2656e-65,1.6126e-07
sve2,BF,6,400000,20000,qd,EVALDIFF,7.6662e-65,1.1498e-65,1.7299e-07
sve2,BF,6,400000,20000,qd,POLYMUL,3.7487e-64,6.0207e-65,5.0061e-07
sve2,FMA,6,400000,20000,dd,HORNER,1.0157e-32,1.8872e-33,1.2148e-08
sve2,FMA,6,400000,20000,dd,HORNER-V,1.0157e-32,1.8872e-33,9.8494e-09
sve2,FMA,6,400000,20000,dd,ESTRIN,3.1031e-32,6.2325e-33,5.1023e-08
sve2,FMA,6,400000,20000,dd,ESTRIN-V,3.1031e-32,6.2325e-33,4.5293e-08
sve2,FMA,6,400000,20000,dd,EVALDIFF,3.2977e-31,1.4093e-32,1.2197e-08
sve2,FMA,6,400000,20000,dd,POLYMUL,1.3049e-32,4.9085e-33,4.8930e-08
sve2,FMA,6,400000,20000,td,HORNER,9.9513e-49,1.2411e-49,4.9304e-08
sve2,FMA,6,400000,20000,td,HORNER-V,9.9513e-49,1.2411e-49,4.1903e-08
sve2,FMA,6,400000,20000,td,ESTRIN,1.3935e-48,2.8678e-49,8.4346e-08
sve2,FMA,6,400000,20000,td,ESTRIN-V,1.3935e-48,2.8678e-49,8.3607e-08
sve2,FMA,6,400000,20000,td,EVALDIFF,1.7828e-48,2.6240e-49,7.1038e-08
sve2,FMA,6,400000,20000,td,POLYMUL,5.4026e-48,1.2494e-48,1.3300e-07
sve2,FMA,6,400000,20000,qd,HORNER,1.0490e-64,8.5919e-66,7.9506e-08
sve2,FMA,6,400000,20000,qd,HORNER-V,1.0490e-64,8.5919e-66,6.3858e-08
sve2,FMA,6,400000,20000,qd,ESTRIN,8.3664e-65,1.4469e-65,1.2312e-07
sve2,FMA,6,400000,20000,qd,ESTRIN-V,8.3664e-65,1.4469e-65,1.3682e-07
sve2,FMA,6,400000,20000,qd,EVALDIFF,1.1302e-64,1.5874e-65,1.0112e-07
sve2,FMA,6,400000,20000,qd,POLYMUL,4.3011e-64,6.4355e-65,2.5460e-07
serial,Q,8,400000,20000,dd,HORNER,7.2125e-33,1.8714e-33,2.9355e-08
serial,Q,8,400000,20000,dd,HORNER-V,7.2125e-33,1.8714e-33,3.1029e-08
serial,Q,8,400000,20000,dd,ESTRIN,3.0260e-32,6.3563e-33,7.3305e-08
serial,Q,8,400000,20000,dd,ESTRIN-V,3.0260e-32,6.3563e-33,7.3421e-08
serial,Q,8,400000,20000,dd,EVALDIFF,6.9877e-31,1.6885e-32,2.7755e-08
serial,Q,8,400000,20000,dd,POLYMUL,1.6763e-31,2.5916e-32,7.9342e-08
serial,Q,8,400000,20000,td,HORNER,7.4694e-49,1.1049e-49,1.9544e-07
serial,Q,8,400000,20000,td,HORNER-V,7.4694e-49,1.1049e-49,2.8180e-07
serial,Q,8,400000,20000,td,ESTRIN,1.1944e-48,1.7450e-49,2.0762e-07
serial,Q,8,400000,20000,td,ESTRIN-V,1.1944e-48,1.7450e-49,2.0762e-07
serial,Q,8,400000,20000,td,EVALDIFF,5.0247e-49,1.0104e-49,1.8774e-07
serial,Q,8,400000,20000,td,POLYMUL,2.2961e-48,7.8208e-49,8.2985e-07
serial,Q,8,400000,20000,qd,HORNER,1.5166e-65,2.7249e-66,4.7765e-07
serial,Q,8,400000,20000,qd,HORNER-V,1.5166e-65,2.7249e-66,4.4881e-07
serial,Q,8,400000,20000,qd,ESTRIN,1.9908e-65,5.1108e-66,5.9686e-07
serial,Q,8,400000,20000,qd,ESTRIN-V,1.9908e-65,5.1108e-66,5.9574e-07
serial,Q,8,400000,20000,qd,EVALDIFF,2.7256e-65,2.9211e-66,4.7176e-07
serial,Q,8,400000,20000,qd,POLYMUL,1.5506e-63,1.3305e-64,1.5401e-06
serial,BF,8,400000,20000,dd,HORNER,7.2125e-33,1.8857e-33,4.0541e-08
serial,BF,8,400000,20000,dd,HORNER-V,7.2125e-33,1.8857e-33,3.9909e-08
serial,BF,8,400000,20000,dd,ESTRIN,3.0260e-32,6.2926e-33,7.9315e-08
serial,BF,8,400000,20000,dd,ESTRIN-V,3.0260e-32,6.2926e-33,7.9004e-08
serial,BF,8,400000,20000,dd,EVALDIFF,6.9877e-31,1.5603e-32,3.7385e-08
serial,BF,8,400000,20000,dd,POLYMUL,1.6763e-31,2.6030e-32,1.0450e-07
serial,BF,8,400000,20000,td,HORNER,9.4932e-49,1.1792e-49,1.3310e-07
serial,BF,8,400000,20000,td,HORNER-V,9.4932e-49,1.1792e-49,1.3381e-07
serial,BF,8,400000,20000,td,ESTRIN,1.2766e-48,2.3634e-49,1.5211e-07
serial,BF,8,400000,20000,td,ESTRIN-V,1.2766e-48,2.3634e-49,1.5209e-07
serial,BF,8,400000,20000,td,EVALDIFF,7.6973e-49,1.6718e-49,1.3686e-07
serial,BF,8,400000,20000,td,POLYMUL,1.2271e-48,4.7076e-49,3.8501e-07
serial,BF,8,400000,20000,qd,HORNER,7.5062e-65,8.2848e-66,2.1017e-07
serial,BF,8,400000,20000,qd,HORNER-V,7.5062e-65,8.2848e-66,2.0978e-07
serial,BF,8,400000,20000,qd,ESTRIN,7.2694e-65,1.5059e-65,2.1128e-07
serial,BF,8,400000,20000,qd,ESTRIN-V,7.2694e-65,1.5059e-65,2.1111e-07
serial,BF,8,400000,20000,qd,EVALDIFF,1.1296e-64,1.2695e-65,2.2853e-07
serial,BF,8,400000,20000,qd,POLYMUL,4.3480e-63,4.1875e-64,8.0399e-07
serial,FMA,8,400000,20000,dd,HORNER,1.1688e-32,1.9596e-33,1.8447e-08
serial,FMA,8,400000,20000,dd,HORNER-V,1.1688e-32,1.9596e-33,2.0852e-08
serial,FMA,8,400000,20000,dd,ESTRIN,5.9662e-32,7.2905e-33,6.5048e-08
serial,FMA,8,400000,20000,dd,ESTRIN-V,5.9662e-32,7.2905e-33,6.5092e-08
serial,FMA,8,400000,20000,dd,EVALDIFF,6.9877e-31,1.8540e-32,1.8341e-08
serial,FMA,8,400000,20000,dd,POLYMUL,1.1545e-31,1.5370e-32,7.2654e-08
serial,FMA,8,400000,20000,td,HORNER,2.3751e-48,1.4944e-49,6.7197e-08
serial,FMA,8,400000,20000,td,HORNER-V,2.3751e-48,1.4944e-49,7.0940e-08
serial,FMA,8,400000,20000,td,ESTRIN,2.5731e-48,3.2996e-49,1.1013e-07
serial,FMA,8,400000,20000,td,ESTRIN-V,2.5731e-48,3.2996e-49,1.1022e-07
serial,FMA,8,400000,20000,td,EVALDIFF,1.4287e-48,2.4192e-49,8.9797e-08
serial,FMA,8,400000,20000,td,POLYMUL,1.9554e-48,7.8879e-49,2.0617e-07
serial,FMA,8,400000,20000,qd,HORNER,1.4575e-64,9.4946e-66,1.0386e-07
serial,FMA,8,400000,20000,qd,HORNER-V,1.4575e-64,9.4946e-66,1.0567e-07
serial,FMA,8,400000,20000,qd,ESTRIN,1.4788e-64,1.8975e-65,1.6965e-07
serial,FMA,8,400000,20000,qd,ESTRIN-V,1.4788e-64,1.8975e-65,1.6964e-07
serial,FMA,8,400000,20000,qd,EVALDIFF,1.4204e-64,1.4530e-65,1.3661e-07
serial,FMA,8,400000,20000,qd,POLYMUL,4.3480e-63,3.9660e-64,4.0038e-07
neon,Q,8,400000,20000,dd,HORNER,7.2125e-33,1.8714e-33,2.9232e-08
neon,Q,8,400000,20000,dd,HORNER-V,7.2125e-33,1.8714e-33,2.2760e-08
neon,Q,8,400000,20000,dd,ESTRIN,3.0260e-32,6.3563e-33,7.3260e-08
neon,Q,8,400000,20000,dd,ESTRIN-V,3.0260e-32,6.3563e-33,6.2420e-08
neon,Q,8,400000,20000,dd,EVALDIFF,6.9877e-31,1.6885e-32,2.7731e-08
neon,Q,8,400000,20000,dd,POLYMUL,1.6763e-31,2.5916e-32,7.9525e-08
neon,Q,8,400000,20000,td,HORNER,7.4694e-49,1.1049e-49,1.9640e-07
neon,Q,8,400000,20000,td,HORNER-V,7.4694e-49,1.1049e-49,1.3746e-07
neon,Q,8,400000,20000,td,ESTRIN,1.1944e-48,1.7450e-49,2.1312e-07
neon,Q,8,400000,20000,td,ESTRIN-V,5.9158e-49,1.3258e-49,2.3563e-07
neon,Q,8,400000,20000,td,EVALDIFF,5.0247e-49,1.0104e-49,1.9038e-07
neon,Q,8,400000,20000,td,POLYMUL,2.2961e-48,7.8208e-49,8.2442e-07
neon,Q,8,400000,20000,qd,HORNER,1.5166e-65,2.7249e-66,4.7737e-07
neon,Q,8,400000,20000,qd,HORNER-V,1.5166e-65,2.7249e-66,1.6499e-07
neon,Q,8,400000,20000,qd,ESTRIN,1.9908e-65,5.1108e-66,5.9600e-07
neon,Q,8,400000,20000,qd,ESTRIN-V,1.2313e-64,1.3848e-65,3.6354e-07
neon,Q,8,400000,20000,qd,EVALDIFF,2.7256e-65,2.9211e-66,4.7497e-07
neon,Q,8,400000,20000,qd,POLYMUL,1.5506e-63,1.3305e-64,1.5400e-06
neon,BF,8,400000,20000,dd,HORNER,7.2125e-33,1.8857e-33,4.0540e-08
neon,BF,8,400000,20000,dd,HORNER-V,7.2125e-33,1.8857e-33,2.8144e-08
neon,BF,8,400000,20000,dd,ESTRIN,3.0260e-32,6.2926e-33,7.9140e-08
neon,BF,8,400000,20000,dd,ESTRIN-V,3.0260e-32,6.2926e-33,6.9209e-08
neon,BF,8,400000,20000,dd,EVALDIFF,6.9877e-31,1.5603e-32,3.8377e-08
neon,BF,8,400000,20000,dd,POLYMUL,1.6763e-31,2.6030e-32,1.0734e-07
neon,BF,8,400000,20000,td,HORNER,9.4932e-49,1.1792e-49,1.3677e-07
neon,BF,8,400000,20000,td,HORNER-V,9.4932e-49,1.1792e-49,9.0974e-08
neon,BF,8,400000,20000,td,ESTRIN,1.2766e-48,2.3634e-49,1.5307e-07
neon,BF,8,400000,20000,td,ESTRIN-V,1.2766e-48,2.3634e-49,1.3692e-07
neon,BF,8,400000,20000,td,EVALDIFF,7.6973e-49,1.6718e-49,1.3760e-07
neon,BF,8,400000,20000,td,POLYMUL,1.2271e-48,4.7076e-49,3.8532e-07
neon,BF,8,400000,20000,qd,HORNER,7.5062e-65,8.2848e-66,2.1091e-07
neon,BF,8,400000,20000,qd,HORNER-V,7.5062e-65,8.2848e-66,1.3621e-07
neon,BF,8,400000,20000,qd,ESTRIN,7.2694e-65,1.5059e-65,2.1512e-07
neon,BF,8,400000,20000,qd,ESTRIN-V,7.2694e-65,1.5059e-65,2.2548e-07
neon,BF,8,400000,20000,qd,EVALDIFF,1.1296e-64,1.2695e-65,2.3638e-07
neon,BF,8,400000,20000,qd,POLYMUL,4.3480e-63,4.1875e-64,8.0536e-07
neon,FMA,8,400000,20000,dd,HORNER,1.1688e-32,1.9596e-33,1.8972e-08
neon,FMA,8,400000,20000,dd,HORNER-V,1.1688e-32,1.9596e-33,1.6171e-08
neon,FMA,8,400000,20000,dd,ESTRIN,5.9662e-32,7.2905e-33,6.6798e-08
neon,FMA,8,400000,20000,dd,ESTRIN-V,5.9662e-32,7.2905e-33,5.4901e-08
neon,FMA,8,400000,20000,dd,EVALDIFF,6.9877e-31,1.8540e-32,1.8872e-08
neon,FMA,8,400000,20000,dd,POLYMUL,1.1545e-31,1.5370e-32,7.5314e-08
neon,FMA,8,400000,20000,td,HORNER,2.3751e-48,1.4944e-49,6.9246e-08
neon,FMA,8,400000,20000,td,HORNER-V,2.3751e-48,1.4944e-49,6.0865e-08
neon,FMA,8,400000,20000,td,ESTRIN,2.5731e-48,3.2996e-49,1.1415e-07
neon,FMA,8,400000,20000,td,ESTRIN-V,2.5731e-48,3.2996e-49,1.0933e-07
neon,FMA,8,400000,20000,td,EVALDIFF,1.4287e-48,2.4192e-49,9.6934e-08
neon,FMA,8,400000,20000,td,POLYMUL,1.9554e-48,7.8879e-49,2.1194e-07
neon,FMA,8,400000,20000,qd,HORNER,1.4575e-64,9.4946e-66,1.0661e-07
neon,FMA,8,400000,20000,qd,HORNER-V,1.4575e-64,9.4946e-66,6.8854e-08
neon,FMA,8,400000,20000,qd,ESTRIN,1.4788e-64,1.8975e-65,1.7551e-07
neon,FMA,8,400000,20000,qd,ESTRIN-V,1.4788e-64,1.8975e-65,1.9323e-07
neon,FMA,8,400000,20000,qd,EVALDIFF,1.4204e-64,1.4530e-65,1.4031e-07
neon,FMA,8,400000,20000,qd,POLYMUL,4.3480e-63,3.9660e-64,4.1114e-07
sve2,Q,8,400000,20000,dd,HORNER,7.2125e-33,1.8714e-33,2.9170e-08
sve2,Q,8,400000,20000,dd,HORNER-V,7.2125e-33,1.8714e-33,2.0844e-08
sve2,Q,8,400000,20000,dd,ESTRIN,3.0260e-32,6.3563e-33,6.8174e-08
sve2,Q,8,400000,20000,dd,ESTRIN-V,3.0260e-32,6.1895e-33,6.3033e-08
sve2,Q,8,400000,20000,dd,EVALDIFF,6.9877e-31,1.6885e-32,2.7785e-08
sve2,Q,8,400000,20000,dd,POLYMUL,1.6763e-31,2.5916e-32,7.9801e-08
sve2,Q,8,400000,20000,td,HORNER,7.4694e-49,1.1049e-49,1.9510e-07
sve2,Q,8,400000,20000,td,HORNER-V,7.4694e-49,1.1049e-49,1.5524e-07
sve2,Q,8,400000,20000,td,ESTRIN,1.1944e-48,1.7450e-49,2.1177e-07
sve2,Q,8,400000,20000,td,ESTRIN-V,5.9158e-49,1.3258e-49,2.3690e-07
sve2,Q,8,400000,20000,td,EVALDIFF,5.0247e-49,1.0104e-49,1.9588e-07
sve2,Q,8,400000,20000,td,POLYMUL,2.2961e-48,7.8208e-49,8.3317e-07
sve2,Q,8,400000,20000,qd,HORNER,1.5166e-65,2.7249e-66,4.8580e-07
sve2,Q,8,400000,20000,qd,HORNER-V,1.5166e-65,2.7249e-66,2.0133e-07
sve2,Q,8,400000,20000,qd,ESTRIN,1.9908e-65,5.1108e-66,6.1321e-07
sve2,Q,8,400000,20000,qd,ESTRIN-V,1.2313e-64,1.4024e-65,3.7594e-07
sve2,Q,8,400000,20000,qd,EVALDIFF,2.7256e-65,2.9211e-66,4.7827e-07
sve2,Q,8,400000,20000,qd,POLYMUL,1.5506e-63,1.3305e-64,1.5625e-06
sve2,BF,8,400000,20000,dd,HORNER,7.2125e-33,1.8857e-33,4.0589e-08
sve2,BF,8,400000,20000,dd,HORNER-V,7.2125e-33,1.8857e-33,2.5700e-08
sve2,BF,8,400000,20000,dd,ESTRIN,3.0260e-32,6.2926e-33,7.9204e-08
sve2,BF,8,400000,20000,dd,ESTRIN-V,3.0260e-32,6.2926e-33,7.0327e-08
sve2,BF,8,400000,20000,dd,EVALDIFF,6.9877e-31,1.5603e-32,3.7371e-08
sve2,BF,8,400000,20000,dd,POLYMUL,1.6763e-31,2.6030e-32,1.0473e-07
sve2,BF,8,400000,20000,td,HORNER,9.4932e-49,1.1792e-49,1.3406e-07
sve2,BF,8,400000,20000,td,HORNER-V,9.4932e-49,1.1792e-49,8.9232e-08
sve2,BF,8,400000,20000,td,ESTRIN,1.2766e-48,2.3634e-49,1.5279e-07
sve2,BF,8,400000,20000,td,ESTRIN-V,1.2766e-48,2.3634e-49,1.3844e-07
sve2,BF,8,400000,20000,td,EVALDIFF,7.6973e-49,1.6718e-49,1.3741e-07
sve2,BF,8,400000,20000,td,POLYMUL,1.2271e-48,4.7076e-49,3.8541e-07
sve2,BF,8,400000,20000,qd,HORNER,7.5062e-65,8.2848e-66,2.0965e-07
sve2,BF,8,400000,20000,qd,HORNER-V,7.5062e-65,8.2848e-66,1.3993e-07
sve2,BF,8,400000,20000,qd,ESTRIN,7.2694e-65,1.5059e-65,2.1444e-07
sve2,BF,8,400000,20000,qd,ESTRIN-V,7.2694e-65,1.5059e-65,2.2835e-07
sve2,BF,8,400000,20000,qd,EVALDIFF,1.1296e-64,1.2695e-65,2.3771e-07
sve2,BF,8,400000,20000,qd,POLYMUL,4.3480e-63,4.1875e-64,8.0172e-07
sve2,FMA,8,400000,20000,dd,HORNER,1.1688e-32,1.9596e-33,1.8333e-08
sve2,FMA,8,400000,20000,dd,HORNER-V,1.1688e-32,1.9596e-33,1.5138e-08
sve2,FMA,8,400000,20000,dd,ESTRIN,5.9662e-32,7.2905e-33,6.0786e-08
sve2,FMA,8,400000,20000,dd,ESTRIN-V,5.9662e-32,7.2905e-33,5.2930e-08
sve2,FMA,8,400000,20000,dd,EVALDIFF,6.9877e-31,1.8540e-32,1.8351e-08
sve2,FMA,8,400000,20000,dd,POLYMUL,1.1545e-31,1.5370e-32,7.5305e-08
sve2,FMA,8,400000,20000,td,HORNER,2.3751e-48,1.4944e-49,6.8932e-08
sve2,FMA,8,400000,20000,td,HORNER-V,2.3751e-48,1.4944e-49,5.6538e-08
sve2,FMA,8,400000,20000,td,ESTRIN,2.5731e-48,3.2996e-49,1.1043e-07
sve2,FMA,8,400000,20000,td,ESTRIN-V,2.5731e-48,3.2996e-49,1.0677e-07
sve2,FMA,8,400000,20000,td,EVALDIFF,1.4287e-48,2.4192e-49,9.6780e-08
sve2,FMA,8,400000,20000,td,POLYMUL,1.9554e-48,7.8879e-49,2.0697e-07
sve2,FMA,8,400000,20000,qd,HORNER,1.4575e-64,9.4946e-66,1.0678e-07
sve2,FMA,8,400000,20000,qd,HORNER-V,1.4575e-64,9.4946e-66,8.3965e-08
sve2,FMA,8,400000,20000,qd,ESTRIN,1.4788e-64,1.8975e-65,1.7014e-07
sve2,FMA,8,400000,20000,qd,ESTRIN-V,1.4788e-64,1.8975e-65,1.8860e-07
sve2,FMA,8,400000,20000,qd,EVALDIFF,1.4204e-64,1.4530e-65,1.3675e-07
sve2,FMA,8,400000,20000,qd,POLYMUL,4.3480e-63,3.9660e-64,4.0058e-07
serial,Q,12,307692,20000,dd,HORNER,1.1933e-32,2.0166e-33,5.1560e-08
serial,Q,12,307692,20000,dd,HORNER-V,1.1933e-32,2.0166e-33,5.0408e-08
serial,Q,12,307692,20000,dd,ESTRIN,2.6966e-32,6.8095e-33,7.5134e-08
serial,Q,12,307692,20000,dd,ESTRIN-V,2.6966e-32,6.8095e-33,7.5085e-08
serial,Q,12,307692,20000,dd,EVALDIFF,5.2252e-31,1.4030e-32,5.0027e-08
serial,Q,12,307692,20000,dd,POLYMUL,8.3856e-32,1.9140e-32,1.5576e-07
serial,Q,12,307692,20000,td,HORNER,1.2866e-48,1.0267e-49,3.0445e-07
serial,Q,12,307692,20000,td,HORNER-V,1.2866e-48,1.0267e-49,4.1650e-07
serial,Q,12,307692,20000,td,ESTRIN,1.3005e-48,1.8151e-49,2.4620e-07
serial,Q,12,307692,20000,td,ESTRIN-V,1.3005e-48,1.8151e-49,2.4636e-07
serial,Q,12,307692,20000,td,EVALDIFF,1.1374e-48,1.0978e-49,2.9660e-07
serial,Q,12,307692,20000,td,POLYMUL,1.7233e-47,2.1396e-48,1.6409e-06
serial,Q,12,307692,20000,qd,HORNER,1.8328e-65,2.7715e-66,7.1747e-07
serial,Q,12,307692,20000,qd,HORNER-V,1.8328e-65,2.7715e-66,6.7109e-07
serial,Q,12,307692,20000,qd,ESTRIN,2.5374e-65,4.9726e-66,7.6788e-07
serial,Q,12,307692,20000,qd,ESTRIN-V,2.5374e-65,4.9726e-66,7.6761e-07
serial,Q,12,307692,20000,qd,EVALDIFF,1.8941e-65,2.8504e-66,7.3576e-07
serial,Q,12,307692,20000,qd,POLYMUL,7.9985e-65,9.7187e-66,3.1258e-06
serial,BF,12,307692,20000,dd,HORNER,1.2377e-32,2.0214e-33,7.3638e-08
serial,BF,12,307692,20000,dd,HORNER-V,1.2377e-32,2.0214e-33,6.9945e-08
serial,BF,12,307692,20000,dd,ESTRIN,2.3795e-32,6.3704e-33,8.3020e-08
serial,BF,12,307692,20000,dd,ESTRIN-V,2.3795e-32,6.3704e-33,8.2908e-08
serial,BF,12,307692,20000,dd,EVALDIFF,5.2252e-31,1.3350e-32,6.9943e-08
serial,BF,12,307692,20000,dd,POLYMUL,8.3856e-32,1.9140e-32,2.0818e-07
serial,BF,12,307692,20000,td,HORNER,7.2963e-49,1.1613e-49,2.0847e-07
serial,BF,12,307692,20000,td,HORNER-V,7.2963e-49,1.1613e-49,2.0916e-07
serial,BF,12,307692,20000,td,ESTRIN,1.3868e-48,2.4850e-49,1.7476e-07
serial,BF,12,307692,20000,td,ESTRIN-V,1.3868e-48,2.4850e-49,1.7468e-07
serial,BF,12,307692,20000,td,EVALDIFF,6.6197e-49,1.6126e-49,2.1290e-07
serial,BF,12,307692,20000,td,POLYMUL,2.9448e-48,9.4841e-49,7.8236e-07
serial,BF,12,307692,20000,qd,HORNER,3.7998e-65,7.6420e-66,3.2140e-07
serial,BF,12,307692,20000,qd,HORNER-V,3.7998e-65,7.6420e-66,3.2041e-07
serial,BF,12,307692,20000,qd,ESTRIN,8.0642e-65,1.4478e-65,2.3535e-07
serial,BF,12,307692,20000,qd,ESTRIN-V,8.0642e-65,1.4478e-65,2.3545e-07
serial,BF,12,307692,20000,qd,EVALDIFF,9.1867e-65,1.2707e-65,3.5656e-07
serial,BF,12,307692,20000,qd,POLYMUL,1.3968e-64,4.0866e-65,1.6257e-06
serial,FMA,12,307692,20000,dd,HORNER,1.2377e-32,2.1381e-33,3.1953e-08
serial,FMA,12,307692,20000,dd,HORNER-V,1.2377e-32,2.1381e-33,3.4733e-08
serial,FMA,12,307692,20000,dd,ESTRIN,3.2610e-32,7.3708e-33,6.6933e-08
serial,FMA,12,307692,20000,dd,ESTRIN-V,3.2610e-32,7.3708e-33,6.6988e-08
serial,FMA,12,307692,20000,dd,EVALDIFF,1.5854e-30,2.2678e-32,3.2477e-08
serial,FMA,12,307692,20000,dd,POLYMUL,8.3856e-32,1.9926e-32,1.5030e-07
serial,FMA,12,307692,20000,td,HORNER,1.2866e-48,1.5887e-49,1.0934e-07
serial,FMA,12,307692,20000,td,HORNER-V,1.2866e-48,1.5887e-49,1.1385e-07
serial,FMA,12,307692,20000,td,ESTRIN,2.0783e-48,3.5700e-49,1.2670e-07
serial,FMA,12,307692,20000,td,ESTRIN-V,2.0783e-48,3.5700e-49,1.2677e-07
serial,FMA,12,307692,20000,td,EVALDIFF,1.6522e-48,2.7594e-49,1.4081e-07
serial,FMA,12,307692,20000,td,POLYMUL,1.7233e-47,1.9181e-48,4.2351e-07
serial,FMA,12,307692,20000,qd,HORNER,1.0435e-64,8.0732e-66,1.6233e-07
serial,FMA,12,307692,20000,qd,HORNER-V,1.0435e-64,8.0732e-66,1.6454e-07
serial,FMA,12,307692,20000,qd,ESTRIN,1.2012e-64,1.8477e-65,1.8909e-07
serial,FMA,12,307692,20000,qd,ESTRIN-V,1.2012e-64,1.8477e-65,1.8952e-07
serial,FMA,12,307692,20000,qd,EVALDIFF,8.2537e-65,1.3634e-65,2.1593e-07
serial,FMA,12,307692,20000,qd,POLYMUL,5.6679e-64,8.1696e-65,8.2168e-07
neon,Q,12,307692,20000,dd,HORNER,1.1933e-32,2.0166e-33,5.2931e-08
neon,Q,12,307692,20000,dd,HORNER-V,1.1933e-32,2.0166e-33,3.8128e-08
neon,Q,12,307692,20000,dd,ESTRIN,2.6966e-32,6.8095e-33,7.7089e-08
neon,Q,12,307692,20000,dd,ESTRIN-V,2.6966e-32,6.8095e-33,7.5736e-08
neon,Q,12,307692,20000,dd,EVALDIFF,5.2252e-31,1.4030e-32,5.1343e-08
neon,Q,12,307692,20000,dd,POLYMUL,8.3856e-32,1.9140e-32,1.5981e-07
neon,Q,12,307692,20000,td,HORNER,1.2866e-48,1.0267e-49,3.1232e-07
neon,Q,12,307692,20000,td,HORNER-V,1.2866e-48,1.0267e-49,2.1616e-07
neon,Q,12,307692,20000,td,ESTRIN,1.3005e-48,1.8151e-49,2.5631e-07
neon,Q,12,307692,20000,td,ESTRIN-V,7.6559e-49,1.4466e-49,2.7418e-07
neon,Q,12,307692,20000,td,EVALDIFF,1.1374e-48,1.0978e-49,3.0741e-07
neon,Q,12,307692,20000,td,POLYMUL,1.7233e-47,2.1396e-48,1.7032e-06
neon,Q,12,307692,20000,qd,HORNER,1.8328e-65,2.7715e-66,7.2857e-07
neon,Q,12,307692,20000,qd,HORNER-V,1.8328e-65,2.7715e-66,2.5468e-07
neon,Q,12,307692,20000,qd,ESTRIN,2.5374e-65,4.9726e-66,7.8322e-07
neon,Q,12,307692,20000,qd,ESTRIN-V,1.2397e-64,1.4001e-65,4.2608e-07
neon,Q,12,307692,20000,qd,EVALDIFF,1.8941e-65,2.8504e-66,7.5523e-07
neon,Q,12,307692,20000,qd,POLYMUL,7.9985e-65,9.7187e-66,3.2142e-06
neon,BF,12,307692,20000,dd,HORNER,1.2377e-32,2.0214e-33,7.5596e-08
neon,BF,12,307692,20000,dd,HORNER-V,1.2377e-32,2.0214e-33,5.0488e-08
neon,BF,12,307692,20000,dd,ESTRIN,2.3795e-32,6.3704e-33,8.3974e-08
neon,BF,12,307692,20000,dd,ESTRIN-V,2.3795e-32,6.3704e-33,8.2623e-08
neon,BF,12,307692,20000,dd,EVALDIFF,5.2252e-31,1.3350e-32,7.0831e-08
neon,BF,12,307692,20000,dd,POLYMUL,8.3856e-32,1.9140e-32,2.1422e-07
neon,BF,12,307692,20000,td,HORNER,7.2963e-49,1.1613e-49,2.1061e-07
neon,BF,12,307692,20000,td,HORNER-V,7.2963e-49,1.1613e-49,1.4443e-07
neon,BF,12,307692,20000,td,ESTRIN,1.3868e-48,2.4850e-49,1.7892e-07
neon,BF,12,307692,20000,td,ESTRIN-V,1.3868e-48,2.4850e-49,1.6262e-07
neon,BF,12,307692,20000,td,EVALDIFF,6.6197e-49,1.6126e-49,2.1340e-07
neon,BF,12,307692,20000,td,POLYMUL,2.9448e-48,9.4841e-49,8.0419e-07
neon,BF,12,307692,20000,qd,HORNER,3.7998e-65,7.6420e-66,3.2161e-07
neon,BF,12,307692,20000,qd,HORNER-V,3.7998e-65,7.6420e-66,2.0884e-07
neon,BF,12,307692,20000,qd,ESTRIN,8.0642e-65,1.4478e-65,2.4459e-07
neon,BF,12,307692,20000,qd,ESTRIN-V,8.0642e-65,1.4478e-65,2.6330e-07
neon,BF,12,307692,20000,qd,EVALDIFF,9.1867e-65,1.2707e-65,3.7443e-07
neon,BF,12,307692,20000,qd,POLYMUL,1.3968e-64,4.0866e-65,1.6668e-06
neon,FMA,12,307692,20000,dd,HORNER,1.2377e-32,2.1381e-33,3.2787e-08
neon,FMA,12,307692,20000,dd,HORNER-V,1.2377e-32,2.1381e-33,2.7579e-08
neon,FMA,12,307692,20000,dd,ESTRIN,3.2610e-32,7.3708e-33,6.8815e-08
neon,FMA,12,307692,20000,dd,ESTRIN-V,3.2610e-32,7.3708e-33,6.5601e-08
neon,FMA,12,307692,20000,dd,EVALDIFF,1.5854e-30,2.2678e-32,3.3199e-08
neon,FMA,12,307692,20000,dd,POLYMUL,8.3856e-32,1.9926e-32,1.4567e-07
neon,FMA,12,307692,20000,td,HORNER,1.2866e-48,1.5887e-49,1.0850e-07
neon,FMA,12,307692,20000,td,HORNER-V,1.2866e-48,1.5887e-49,9.3227e-08
neon,FMA,12,307692,20000,td,ESTRIN,2.0783e-48,3.5700e-49,1.2456e-07
neon,FMA,12,307692,20000,td,ESTRIN-V,2.0783e-48,3.5700e-49,1.2884e-07
neon,FMA,12,307692,20000,td,EVALDIFF,1.6522e-48,2.7594e-49,1.4447e-07
neon,FMA,12,307692,20000,td,POLYMUL,1.7233e-47,1.9181e-48,4.2097e-07
neon,FMA,12,307692,20000,qd,HORNER,1.0435e-64,8.0732e-66,1.5900e-07
neon,FMA,12,307692,20000,qd,HORNER-V,1.0435e-64,8.0732e-66,1.0414e-07
neon,FMA,12,307692,20000,qd,ESTRIN,1.2012e-64,1.8477e-65,1.9070e-07
neon,FMA,12,307692,20000,qd,ESTRIN-V,1.2012e-64,1.8477e-65,2.2423e-07
neon,FMA,12,307692,20000,qd,EVALDIFF,8.2537e-65,1.3634e-65,2.1333e-07
neon,FMA,12,307692,20000,qd,POLYMUL,5.6679e-64,8.1696e-65,8.2225e-07
sve2,Q,12,307692,20000,dd,HORNER,1.1933e-32,2.0166e-33,5.2837e-08
sve2,Q,12,307692,20000,dd,HORNER-V,1.1933e-32,2.0166e-33,3.5000e-08
sve2,Q,12,307692,20000,dd,ESTRIN,2.6966e-32,6.8095e-33,7.5547e-08
sve2,Q,12,307692,20000,dd,ESTRIN-V,2.6966e-32,6.7656e-33,7.6925e-08
sve2,Q,12,307692,20000,dd,EVALDIFF,5.2252e-31,1.4030e-32,5.1450e-08
sve2,Q,12,307692,20000,dd,POLYMUL,8.3856e-32,1.9140e-32,1.6029e-07
sve2,Q,12,307692,20000,td,HORNER,1.2866e-48,1.0267e-49,3.1106e-07
sve2,Q,12,307692,20000,td,HORNER-V,1.2866e-48,1.0267e-49,2.4281e-07
sve2,Q,12,307692,20000,td,ESTRIN,1.3005e-48,1.8151e-49,2.5766e-07
sve2,Q,12,307692,20000,td,ESTRIN-V,7.6559e-49,1.4466e-49,2.7562e-07
sve2,Q,12,307692,20000,td,EVALDIFF,1.1374e-48,1.0978e-49,3.1579e-07
sve2,Q,12,307692,20000,td,POLYMUL,1.7233e-47,2.1396e-48,1.7164e-06
sve2,Q,12,307692,20000,qd,HORNER,1.8328e-65,2.7715e-66,7.5048e-07
sve2,Q,12,307692,20000,qd,HORNER-V,1.8328e-65,2.7715e-66,3.1035e-07
sve2,Q,12,307692,20000,qd,ESTRIN,2.5374e-65,4.9726e-66,8.1332e-07
sve2,Q,12,307692,20000,qd,ESTRIN-V,1.2397e-64,1.4138e-65,4.3906e-07
sve2,Q,12,307692,20000,qd,EVALDIFF,1.8941e-65,2.8504e-66,7.6340e-07
sve2,Q,12,307692,20000,qd,POLYMUL,7.9985e-65,9.7187e-66,3.2371e-06
sve2,BF,12,307692,20000,dd,HORNER,1.2377e-32,2.0214e-33,7.5666e-08
sve2,BF,12,307692,20000,dd,HORNER-V,1.2377e-32,2.0214e-33,4.7341e-08
sve2,BF,12,307692,20000,dd,ESTRIN,2.3795e-32,6.3704e-33,8.5049e-08
sve2,BF,12,307692,20000,dd,ESTRIN-V,2.3795e-32,6.3704e-33,8.3464e-08
sve2,BF,12,307692,20000,dd,EVALDIFF,5.2252e-31,1.3350e-32,7.1685e-08
sve2,BF,12,307692,20000,dd,POLYMUL,8.3856e-32,1.9140e-32,2.1314e-07
sve2,BF,12,307692,20000,td,HORNER,7.2963e-49,1.1613e-49,2.1221e-07
sve2,BF,12,307692,20000,td,HORNER-V,7.2963e-49,1.1613e-49,1.3983e-07
sve2,BF,12,307692,20000,td,ESTRIN,1.3868e-48,2.4850e-49,1.7888e-07
sve2,BF,12,307692,20000,td,ESTRIN-V,1.3868e-48,2.4850e-49,1.6552e-07
sve2,BF,12,307692,20000,td,EVALDIFF,6.6197e-49,1.6126e-49,2.1393e-07
sve2,BF,12,307692,20000,td,POLYMUL,2.9448e-48,9.4841e-49,8.0288e-07
sve2,BF,12,307692,20000,qd,HORNER,3.7998e-65,7.6420e-66,3.2248e-07
sve2,BF,12,307692,20000,qd,HORNER-V,3.7998e-65,7.6420e-66,2.1719e-07
sve2,BF,12,307692,20000,qd,ESTRIN,8.0642e-65,1.4478e-65,2.3916e-07
sve2,BF,12,307692,20000,qd,ESTRIN-V,8.0642e-65,1.4478e-65,2.7311e-07
sve2,BF,12,307692,20000,qd,EVALDIFF,9.1867e-65,1.2707e-65,3.6725e-07
sve2,BF,12,307692,20000,qd,POLYMUL,1.3968e-64,4.0866e-65,1.6182e-06
sve2,FMA,12,307692,20000,dd,HORNER,1.2377e-32,2.1381e-33,3.1781e-08
sve2,FMA,12,307692,20000,dd,HORNER-V,1.2377e-32,2.1381e-33,2.5228e-08
sve2,FMA,12,307692,20000,dd,ESTRIN,3.2610e-32,7.3708e-33,6.3901e-08
sve2,FMA,12,307692,20000,dd,ESTRIN-V,3.2610e-32,7.3708e-33,6.4534e-08
sve2,FMA,12,307692,20000,dd,EVALDIFF,1.5854e-30,2.2678e-32,3.3194e-08
sve2,FMA,12,307692,20000,dd,POLYMUL,8.3856e-32,1.9926e-32,1.5068e-07
sve2,FMA,12,307692,20000,td,HORNER,1.2866e-48,1.5887e-49,1.1306e-07
sve2,FMA,12,307692,20000,td,HORNER-V,1.2866e-48,1.5887e-49,8.9519e-08
sve2,FMA,12,307692,20000,td,ESTRIN,2.0783e-48,3.5700e-49,1.2660e-07
sve2,FMA,12,307692,20000,td,ESTRIN-V,2.0783e-48,3.5700e-49,1.2538e-07
sve2,FMA,12,307692,20000,td,EVALDIFF,1.6522e-48,2.7594e-49,1.3959e-07
sve2,FMA,12,307692,20000,td,POLYMUL,1.7233e-47,1.9181e-48,4.2612e-07
sve2,FMA,12,307692,20000,qd,HORNER,1.0435e-64,8.0732e-66,1.6814e-07
sve2,FMA,12,307692,20000,qd,HORNER-V,1.0435e-64,8.0732e-66,1.2980e-07
sve2,FMA,12,307692,20000,qd,ESTRIN,1.2012e-64,1.8477e-65,1.8545e-07
sve2,FMA,12,307692,20000,qd,ESTRIN-V,1.2012e-64,1.8477e-65,2.1906e-07
sve2,FMA,12,307692,20000,qd,EVALDIFF,8.2537e-65,1.3634e-65,2.1787e-07
sve2,FMA,12,307692,20000,qd,POLYMUL,5.6679e-64,8.1696e-65,8.2323e-07
serial,Q,16,235294,20000,dd,HORNER,1.2647e-32,2.0940e-33,8.2234e-08
serial,Q,16,235294,20000,dd,HORNER-V,1.2647e-32,2.0940e-33,7.5221e-08
serial,Q,16,235294,20000,dd,ESTRIN,3.5585e-32,7.3439e-33,9.2246e-08
serial,Q,16,235294,20000,dd,ESTRIN-V,3.5585e-32,7.3439e-33,9.2265e-08
serial,Q,16,235294,20000,dd,EVALDIFF,2.4742e-31,1.1331e-32,7.9869e-08
serial,Q,16,235294,20000,dd,POLYMUL,4.1796e-32,1.1341e-32,2.6843e-07
serial,Q,16,235294,20000,td,HORNER,2.1192e-48,1.1512e-49,4.2212e-07
serial,Q,16,235294,20000,td,HORNER-V,2.1192e-48,1.1512e-49,5.7713e-07
serial,Q,16,235294,20000,td,ESTRIN,1.4145e-48,2.0107e-49,3.3259e-07
serial,Q,16,235294,20000,td,ESTRIN-V,1.4145e-48,2.0107e-49,3.3266e-07
serial,Q,16,235294,20000,td,EVALDIFF,5.5271e-49,1.1027e-49,4.1507e-07
serial,Q,16,235294,20000,td,POLYMUL,1.2137e-47,1.7747e-48,2.8524e-06
serial,Q,16,235294,20000,qd,HORNER,1.5413e-65,2.5611e-66,9.8707e-07
serial,Q,16,235294,20000,qd,HORNER-V,1.5413e-65,2.5611e-66,9.1522e-07
serial,Q,16,235294,20000,qd,ESTRIN,2.7895e-65,5.6850e-66,1.0722e-06
serial,Q,16,235294,20000,qd,ESTRIN-V,2.7895e-65,5.6850e-66,1.0712e-06
serial,Q,16,235294,20000,qd,EVALDIFF,1.8294e-65,2.3867e-66,1.0259e-06
serial,Q,16,235294,20000,qd,POLYMUL,4.0622e-65,7.4485e-66,5.3652e-06
serial,BF,16,235294,20000,dd,HORNER,1.2647e-32,2.0788e-33,1.0955e-07
serial,BF,16,235294,20000,dd,HORNER-V,1.2647e-32,2.0788e-33,1.0471e-07
serial,BF,16,235294,20000,dd,ESTRIN,3.5585e-32,6.9561e-33,1.0182e-07
serial,BF,16,235294,20000,dd,ESTRIN-V,3.5585e-32,6.9561e-33,1.0149e-07
serial,BF,16,235294,20000,dd,EVALDIFF,2.4742e-31,1.1151e-32,1.0516e-07
serial,BF,16,235294,20000,dd,POLYMUL,4.1796e-32,1.0773e-32,3.6006e-07
serial,BF,16,235294,20000,td,HORNER,2.1192e-48,1.3094e-49,2.9135e-07
serial,BF,16,235294,20000,td,HORNER-V,2.1192e-48,1.3094e-49,2.9051e-07
serial,BF,16,235294,20000,td,ESTRIN,9.2986e-49,2.5650e-49,2.3345e-07
serial,BF,16,235294,20000,td,ESTRIN-V,9.2986e-49,2.5650e-49,2.3165e-07
serial,BF,16,235294,20000,td,EVALDIFF,8.6515e-49,1.8973e-49,2.9656e-07
serial,BF,16,235294,20000,td,POLYMUL,4.1677e-47,2.5588e-48,1.3180e-06
serial,BF,16,235294,20000,qd,HORNER,7.5595e-65,7.9633e-66,4.4448e-07
serial,BF,16,235294,20000,qd,HORNER-V,7.5595e-65,7.9633e-66,4.4544e-07
serial,BF,16,235294,20000,qd,ESTRIN,7.8677e-65,1.6954e-65,3.2551e-07
serial,BF,16,235294,20000,qd,ESTRIN-V,7.8677e-65,1.6954e-65,3.2803e-07
serial,BF,16,235294,20000,qd,EVALDIFF,6.7258e-65,1.2315e-65,4.9950e-07
serial,BF,16,235294,20000,qd,POLYMUL,8.5064e-64,1.1117e-64,2.7976e-06
serial,FMA,16,235294,20000,dd,HORNER,1.1556e-32,2.1761e-33,4.9853e-08
serial,FMA,16,235294,20000,dd,HORNER-V,1.1556e-32,2.1761e-33,4.9524e-08
serial,FMA,16,235294,20000,dd,ESTRIN,4.3199e-32,8.2560e-33,8.1476e-08
serial,FMA,16,235294,20000,dd,ESTRIN-V,4.3199e-32,8.2560e-33,8.1364e-08
serial,FMA,16,235294,20000,dd,EVALDIFF,5.9514e-31,1.5049e-32,5.0228e-08
serial,FMA,16,235294,20000,dd,POLYMUL,4.1796e-32,1.2170e-32,2.5193e-07
serial,FMA,16,235294,20000,td,HORNER,1.1519e-48,1.5538e-49,1.5100e-07
serial,FMA,16,235294,20000,td,HORNER-V,1.1519e-48,1.5538e-49,1.5723e-07
serial,FMA,16,235294,20000,td,ESTRIN,2.1379e-48,3.7718e-49,1.6272e-07
serial,FMA,16,235294,20000,td,ESTRIN-V,2.1379e-48,3.7718e-49,1.6278e-07
serial,FMA,16,235294,20000,td,EVALDIFF,1.4061e-48,2.3576e-49,1.9007e-07
serial,FMA,16,235294,20000,td,POLYMUL,4.1677e-47,2.9600e-48,6.9821e-07
serial,FMA,16,235294,20000,qd,HORNER,5.7516e-65,8.8238e-66,2.2040e-07
serial,FMA,16,235294,20000,qd,HORNER-V,5.7516e-65,8.8238e-66,2.2171e-07
serial,FMA,16,235294,20000,qd,ESTRIN,1.1160e-64,2.1812e-65,2.5474e-07
serial,FMA,16,235294,20000,qd,ESTRIN-V,1.1160e-64,2.1812e-65,2.5454e-07
serial,FMA,16,235294,20000,qd,EVALDIFF,7.6767e-65,1.2162e-65,2.9400e-07
serial,FMA,16,235294,20000,qd,POLYMUL,1.0478e-63,1.0929e-64,1.3764e-06
neon,Q,16,235294,20000,dd,HORNER,1.2647e-32,2.0940e-33,8.2359e-08
neon,Q,16,235294,20000,dd,HORNER-V,1.2647e-32,2.0940e-33,5.8531e-08
neon,Q,16,235294,20000,dd,ESTRIN,3.5585e-32,7.3439e-33,9.2393e-08
neon,Q,16,235294,20000,dd,ESTRIN-V,3.5585e-32,7.3439e-33,8.8847e-08
neon,Q,16,235294,20000,dd,EVALDIFF,2.4742e-31,1.1331e-32,8.0030e-08
neon,Q,16,235294,20000,dd,POLYMUL,4.1796e-32,1.1341e-32,2.6855e-07
neon,Q,16,235294,20000,td,HORNER,2.1192e-48,1.1512e-49,4.2401e-07
neon,Q,16,235294,20000,td,HORNER-V,2.1192e-48,1.1512e-49,2.9131e-07
neon,Q,16,235294,20000,td,ESTRIN,1.4145e-48,2.0107e-49,3.3460e-07
neon,Q,16,235294,20000,td,ESTRIN-V,7.7840e-49,1.5783e-49,3.7603e-07
neon,Q,16,235294,20000,td,EVALDIFF,5.5271e-49,1.1027e-49,4.2318e-07
neon,Q,16,235294,20000,td,POLYMUL,1.2137e-47,1.7747e-48,2.7894e-06
neon,Q,16,235294,20000,qd,HORNER,1.5413e-65,2.5611e-66,9.7946e-07
neon,Q,16,235294,20000,qd,HORNER-V,1.5413e-65,2.5611e-66,3.4499e-07
neon,Q,16,235294,20000,qd,ESTRIN,2.7895e-65,5.6850e-66,1.0774e-06
neon,Q,16,235294,20000,qd,ESTRIN-V,1.2464e-64,1.4366e-65,5.8070e-07
neon,Q,16,235294,20000,qd,EVALDIFF,1.8294e-65,2.3867e-66,1.0357e-06
neon,Q,16,235294,20000,qd,POLYMUL,4.0622e-65,7.4485e-66,5.3667e-06
neon,BF,16,235294,20000,dd,HORNER,1.2647e-32,2.0788e-33,1.0955e-07
neon,BF,16,235294,20000,dd,HORNER-V,1.2647e-32,2.0788e-33,7.2464e-08
neon,BF,16,235294,20000,dd,ESTRIN,3.5585e-32,6.9561e-33,1.0190e-07
neon,BF,16,235294,20000,dd,ESTRIN-V,3.5585e-32,6.9561e-33,9.9424e-08
neon,BF,16,235294,20000,dd,EVALDIFF,2.4742e-31,1.1151e-32,1.0584e-07
neon,BF,16,235294,20000,dd,POLYMUL,4.1796e-32,1.0773e-32,3.5653e-07
neon,BF,16,235294,20000,td,HORNER,2.1192e-48,1.3094e-49,2.9111e-07
neon,BF,16,235294,20000,td,HORNER-V,2.1192e-48,1.3094e-49,1.9595e-07
neon,BF,16,235294,20000,td,ESTRIN,9.2986e-49,2.5650e-49,2.3364e-07
neon,BF,16,235294,20000,td,ESTRIN-V,9.2986e-49,2.5650e-49,2.0413e-07
neon,BF,16,235294,20000,td,EVALDIFF,8.6515e-49,1.8973e-49,2.9500e-07
neon,BF,16,235294,20000,td,POLYMUL,4.1677e-47,2.5588e-48,1.3275e-06
neon,BF,16,235294,20000,qd,HORNER,7.5595e-65,7.9633e-66,4.4390e-07
neon,BF,16,235294,20000,qd,HORNER-V,7.5595e-65,7.9633e-66,2.8043e-07
neon,BF,16,235294,20000,qd,ESTRIN,7.8677e-65,1.6954e-65,3.3138e-07
neon,BF,16,235294,20000,qd,ESTRIN-V,7.8677e-65,1.6954e-65,3.5835e-07
neon,BF,16,235294,20000,qd,EVALDIFF,6.7258e-65,1.2315e-65,4.9991e-07
neon,BF,16,235294,20000,qd,POLYMUL,8.5064e-64,1.1117e-64,2.7606e-06
neon,FMA,16,235294,20000,dd,HORNER,1.1556e-32,2.1761e-33,4.9248e-08
neon,FMA,16,235294,20000,dd,HORNER-V,1.1556e-32,2.1761e-33,3.9646e-08
neon,FMA,16,235294,20000,dd,ESTRIN,4.3199e-32,8.2560e-33,7.9977e-08
neon,FMA,16,235294,20000,dd,ESTRIN-V,4.3199e-32,8.2560e-33,7.4973e-08
neon,FMA,16,235294,20000,dd,EVALDIFF,5.9514e-31,1.5049e-32,4.9535e-08
neon,FMA,16,235294,20000,dd,POLYMUL,4.1796e-32,1.2170e-32,2.4848e-07
neon,FMA,16,235294,20000,td,HORNER,1.1519e-48,1.5538e-49,1.4887e-07
neon,FMA,16,235294,20000,td,HORNER-V,1.1519e-48,1.5538e-49,1.2630e-07
neon,FMA,16,235294,20000,td,ESTRIN,2.1379e-48,3.7718e-49,1.5975e-07
neon,FMA,16,235294,20000,td,ESTRIN-V,2.1379e-48,3.7718e-49,1.5753e-07
neon,FMA,16,235294,20000,td,EVALDIFF,1.4061e-48,2.3576e-49,1.9123e-07
neon,FMA,16,235294,20000,td,POLYMUL,4.1677e-47,2.9600e-48,6.8916e-07
neon,FMA,16,235294,20000,qd,HORNER,5.7516e-65,8.8238e-66,2.1689e-07
neon,FMA,16,235294,20000,qd,HORNER-V,5.7516e-65,8.8238e-66,1.3786e-07
neon,FMA,16,235294,20000,qd,ESTRIN,1.1160e-64,2.1812e-65,2.5168e-07
neon,FMA,16,235294,20000,qd,ESTRIN-V,1.1160e-64,2.1812e-65,2.8628e-07
neon,FMA,16,235294,20000,qd,EVALDIFF,7.6767e-65,1.2162e-65,2.8843e-07
neon,FMA,16,235294,20000,qd,POLYMUL,1.0478e-63,1.0929e-64,1.3568e-06
sve2,Q,16,235294,20000,dd,HORNER,1.2647e-32,2.0940e-33,8.1100e-08
sve2,Q,16,235294,20000,dd,HORNER-V,1.2647e-32,2.0940e-33,5.1881e-08
sve2,Q,16,235294,20000,dd,ESTRIN,3.5585e-32,7.3439e-33,8.5806e-08
sve2,Q,16,235294,20000,dd,ESTRIN-V,3.5585e-32,7.2969e-33,8.8080e-08
sve2,Q,16,235294,20000,dd,EVALDIFF,2.4742e-31,1.1331e-32,7.8921e-08
sve2,Q,16,235294,20000,dd,POLYMUL,4.1796e-32,1.1341e-32,2.6439e-07
sve2,Q,16,235294,20000,td,HORNER,2.1192e-48,1.1512e-49,4.1619e-07
sve2,Q,16,235294,20000,td,HORNER-V,2.1192e-48,1.1512e-49,3.2235e-07
sve2,Q,16,235294,20000,td,ESTRIN,1.4145e-48,2.0107e-49,3.3273e-07
sve2,Q,16,235294,20000,td,ESTRIN-V,7.7840e-49,1.5783e-49,3.6567e-07
sve2,Q,16,235294,20000,td,EVALDIFF,5.5271e-49,1.1027e-49,4.2321e-07
sve2,Q,16,235294,20000,td,POLYMUL,1.2137e-47,1.7747e-48,2.7873e-06
sve2,Q,16,235294,20000,qd,HORNER,1.5413e-65,2.5611e-66,9.8445e-07
sve2,Q,16,235294,20000,qd,HORNER-V,1.5413e-65,2.5611e-66,4.1129e-07
sve2,Q,16,235294,20000,qd,ESTRIN,2.7895e-65,5.6850e-66,1.0911e-06
sve2,Q,16,235294,20000,qd,ESTRIN-V,1.2464e-64,1.4729e-65,5.9872e-07
sve2,Q,16,235294,20000,qd,EVALDIFF,1.8294e-65,2.3867e-66,1.0311e-06
sve2,Q,16,235294,20000,qd,POLYMUL,4.0622e-65,7.4485e-66,5.4070e-06
sve2,BF,16,235294,20000,dd,HORNER,1.2647e-32,2.0788e-33,1.0819e-07
sve2,BF,16,235294,20000,dd,HORNER-V,1.2647e-32,2.0788e-33,6.7130e-08
sve2,BF,16,235294,20000,dd,ESTRIN,3.5585e-32,6.9561e-33,1.0096e-07
sve2,BF,16,235294,20000,dd,ESTRIN-V,3.5585e-32,6.9561e-33,9.7767e-08
sve2,BF,16,235294,20000,dd,EVALDIFF,2.4742e-31,1.1151e-32,1.0446e-07
sve2,BF,16,235294,20000,dd,POLYMUL,4.1796e-32,1.0773e-32,3.5381e-07
sve2,BF,16,235294,20000,td,HORNER,2.1192e-48,1.3094e-49,2.9011e-07
sve2,BF,16,235294,20000,td,HORNER-V,2.1192e-48,1.3094e-49,1.8876e-07
sve2,BF,16,235294,20000,td,ESTRIN,9.2986e-49,2.5650e-49,2.2997e-07
sve2,BF,16,235294,20000,td,ESTRIN-V,9.2986e-49,2.5650e-49,2.0532e-07
sve2,BF,16,235294,20000,td,EVALDIFF,8.6515e-49,1.8973e-49,2.9402e-07
sve2,BF,16,235294,20000,td,POLYMUL,4.1677e-47,2.5588e-48,1.3128e-06
sve2,BF,16,235294,20000,qd,HORNER,7.5595e-65,7.9633e-66,4.3703e-07
sve2,BF,16,235294,20000,qd,HORNER-V,7.5595e-65,7.9633e-66,2.8721e-07
sve2,BF,16,235294,20000,qd,ESTRIN,7.8677e-65,1.6954e-65,3.2543e-07
sve2,BF,16,235294,20000,qd,ESTRIN-V,7.8677e-65,1.6954e-65,3.5742e-07
sve2,BF,16,235294,20000,qd,EVALDIFF,6.7258e-65,1.2315e-65,4.9865e-07
sve2,BF,16,235294,20000,qd,POLYMUL,8.5064e-64,1.1117e-64,2.7478e-06
sve2,FMA,16,235294,20000,dd,HORNER,1.1556e-32,2.1761e-33,4.8738e-08
sve2,FMA,16,235294,20000,dd,HORNER-V,1.1556e-32,2.1761e-33,3.6112e-08
sve2,FMA,16,235294,20000,dd,ESTRIN,4.3199e-32,8.2560e-33,7.6287e-08
sve2,FMA,16,235294,20000,dd,ESTRIN-V,4.3199e-32,8.2560e-33,7.4166e-08
sve2,FMA,16,235294,20000,dd,EVALDIFF,5.9514e-31,1.5049e-32,4.9419e-08
sve2,FMA,16,235294,20000,dd,POLYMUL,4.1796e-32,1.2170e-32,2.4788e-07
sve2,FMA,16,235294,20000,td,HORNER,1.1519e-48,1.5538e-49,1.5324e-07
sve2,FMA,16,235294,20000,td,HORNER-V,1.1519e-48,1.5538e-49,1.1944e-07
sve2,FMA,16,235294,20000,td,ESTRIN,2.1379e-48,3.7718e-49,1.5996e-07
sve2,FMA,16,235294,20000,td,ESTRIN-V,2.1379e-48,3.7718e-49,1.5784e-07
sve2,FMA,16,235294,20000,td,EVALDIFF,1.4061e-48,2.3576e-49,1.9151e-07
sve2,FMA,16,235294,20000,td,POLYMUL,4.1677e-47,2.9600e-48,6.9574e-07
sve2,FMA,16,235294,20000,qd,HORNER,5.7516e-65,8.8238e-66,2.2312e-07
sve2,FMA,16,235294,20000,qd,HORNER-V,5.7516e-65,8.8238e-66,1.7028e-07
sve2,FMA,16,235294,20000,qd,ESTRIN,1.1160e-64,2.1812e-65,2.5027e-07
sve2,FMA,16,235294,20000,qd,ESTRIN-V,1.1160e-64,2.1812e-65,2.8494e-07
sve2,FMA,16,235294,20000,qd,EVALDIFF,7.6767e-65,1.2162e-65,2.8881e-07
sve2,FMA,16,235294,20000,qd,POLYMUL,1.0478e-63,1.0929e-64,1.3574e-06
serial,Q,24,160000,20000,dd,HORNER,1.1862e-32,1.8752e-33,1.3622e-07
serial,Q,24,160000,20000,dd,HORNER-V,1.1862e-32,1.8752e-33,1.2625e-07
serial,Q,24,160000,20000,dd,ESTRIN,3.2371e-32,6.8588e-33,9.5207e-08
serial,Q,24,160000,20000,dd,ESTRIN-V,3.2371e-32,6.8588e-33,9.5167e-08
serial,Q,24,160000,20000,dd,EVALDIFF,1.9486e-31,1.1184e-32,1.3392e-07
serial,Q,24,160000,20000,dd,POLYMUL,1.7188e-31,2.1544e-32,5.4970e-07
serial,Q,24,160000,20000,td,HORNER,1.8870e-48,1.0283e-49,6.2828e-07
serial,Q,24,160000,20000,td,HORNER-V,1.8870e-48,1.0283e-49,8.3583e-07
serial,Q,24,160000,20000,td,ESTRIN,1.3216e-48,1.8970e-49,4.0944e-07
serial,Q,24,160000,20000,td,ESTRIN-V,1.3216e-48,1.8970e-49,4.0916e-07
serial,Q,24,160000,20000,td,EVALDIFF,4.9785e-49,1.0085e-49,6.2304e-07
serial,Q,24,160000,20000,td,POLYMUL,3.8290e-47,2.6004e-48,5.8197e-06
serial,Q,24,160000,20000,qd,HORNER,1.6487e-65,2.7487e-66,1.4389e-06
serial,Q,24,160000,20000,qd,HORNER-V,1.6487e-65,2.7487e-66,1.3460e-06
serial,Q,24,160000,20000,qd,ESTRIN,2.7069e-65,5.7937e-66,1.4278e-06
serial,Q,24,160000,20000,qd,ESTRIN-V,2.7069e-65,5.7937e-66,1.4286e-06
serial,Q,24,160000,20000,qd,EVALDIFF,3.0016e-65,2.7992e-66,1.5372e-06
serial,Q,24,160000,20000,qd,POLYMUL,6.0218e-64,3.6881e-65,1.1160e-05
serial,BF,24,160000,20000,dd,HORNER,1.1862e-32,1.8484e-33,1.7267e-07
serial,BF,24,160000,20000,dd,HORNER-V,1.1862e-32,1.8484e-33,1.6875e-07
serial,BF,24,160000,20000,dd,ESTRIN,2.5658e-32,6.8034e-33,1.0618e-07
serial,BF,24,160000,20000,dd,ESTRIN-V,2.5658e-32,6.8034e-33,1.0600e-07
serial,BF,24,160000,20000,dd,EVALDIFF,1.9486e-31,1.0859e-32,1.6952e-07
serial,BF,24,160000,20000,dd,POLYMUL,1.1044e-31,1.8171e-32,7.3653e-07
serial,BF,24,160000,20000,td,HORNER,1.5206e-48,1.1680e-49,4.3387e-07
serial,BF,24,160000,20000,td,HORNER-V,1.5206e-48,1.1680e-49,4.3441e-07
serial,BF,24,160000,20000,td,ESTRIN,1.0118e-48,2.4412e-49,2.8245e-07
serial,BF,24,160000,20000,td,ESTRIN-V,1.0118e-48,2.4412e-49,2.8303e-07
serial,BF,24,160000,20000,td,EVALDIFF,8.5291e-49,1.7167e-49,4.4054e-07
serial,BF,24,160000,20000,td,POLYMUL,2.0563e-47,1.7724e-48,2.7260e-06
serial,BF,24,160000,20000,qd,HORNER,1.1013e-64,8.9018e-66,6.5444e-07
serial,BF,24,160000,20000,qd,HORNER-V,1.1013e-64,8.9018e-66,6.5157e-07
serial,BF,24,160000,20000,qd,ESTRIN,8.4203e-65,1.6592e-65,3.8462e-07
serial,BF,24,160000,20000,qd,ESTRIN-V,8.4203e-65,1.6592e-65,3.8418e-07
serial,BF,24,160000,20000,qd,EVALDIFF,1.2225e-64,1.1817e-65,7.3933e-07
serial,BF,24,160000,20000,qd,POLYMUL,1.3929e-62,8.1033e-64,5.7594e-06
serial,FMA,24,160000,20000,dd,HORNER,1.0591e-32,1.9234e-33,8.4629e-08
serial,FMA,24,160000,20000,dd,HORNER-V,1.0591e-32,1.9234e-33,8.1699e-08
serial,FMA,24,160000,20000,dd,ESTRIN,4.8737e-32,8.3201e-33,8.3940e-08
serial,FMA,24,160000,20000,dd,ESTRIN-V,4.8737e-32,8.3201e-33,8.3963e-08
serial,FMA,24,160000,20000,dd,EVALDIFF,1.9486e-31,1.1529e-32,8.5185e-08
serial,FMA,24,160000,20000,dd,POLYMUL,1.7188e-31,2.1514e-32,5.1743e-07
serial,FMA,24,160000,20000,td,HORNER,1.5206e-48,1.3592e-49,2.2562e-07
serial,FMA,24,160000,20000,td,HORNER-V,1.5206e-48,1.3592e-49,2.3324e-07
serial,FMA,24,160000,20000,td,ESTRIN,2.0637e-48,3.5646e-49,1.8848e-07
serial,FMA,24,160000,20000,td,ESTRIN-V,2.0637e-48,3.5646e-49,1.8841e-07
serial,FMA,24,160000,20000,td,EVALDIFF,1.9762e-48,2.4700e-49,2.7966e-07
serial,FMA,24,160000,20000,td,POLYMUL,5.1622e-47,2.7863e-48,1.4285e-06
serial,FMA,24,160000,20000,qd,HORNER,7.2129e-65,8.1068e-66,3.2366e-07
serial,FMA,24,160000,20000,qd,HORNER-V,7.2129e-65,8.1068e-66,3.2640e-07
serial,FMA,24,160000,20000,qd,ESTRIN,2.2238e-64,2.2722e-65,2.8875e-07
serial,FMA,24,160000,20000,qd,ESTRIN-V,2.2238e-64,2.2722e-65,2.8872e-07
serial,FMA,24,160000,20000,qd,EVALDIFF,9.8562e-65,1.3094e-65,4.3188e-07
serial,FMA,24,160000,20000,qd,POLYMUL,8.3634e-63,4.2810e-64,2.8392e-06
neon,Q,24,160000,20000,dd,HORNER,1.1862e-32,1.8752e-33,1.3610e-07
neon,Q,24,160000,20000,dd,HORNER-V,1.1862e-32,1.8752e-33,9.6886e-08
neon,Q,24,160000,20000,dd,ESTRIN,3.2371e-32,6.8588e-33,9.5140e-08
neon,Q,24,160000,20000,dd,ESTRIN-V,3.2371e-32,6.8588e-33,9.1224e-08
neon,Q,24,160000,20000,dd,EVALDIFF,1.9486e-31,1.1184e-32,1.3391e-07
neon,Q,24,160000,20000,dd,POLYMUL,1.7188e-31,2.1544e-32,5.5159e-07
neon,Q,24,160000,20000,td,HORNER,1.8870e-48,1.0283e-49,6.2601e-07
neon,Q,24,160000,20000,td,HORNER-V,1.8870e-48,1.0283e-49,4.2672e-07
neon,Q,24,160000,20000,td,ESTRIN,1.3216e-48,1.8970e-49,4.1469e-07
neon,Q,24,160000,20000,td,ESTRIN-V,6.8873e-49,1.3889e-49,4.2628e-07
neon,Q,24,160000,20000,td,EVALDIFF,4.9785e-49,1.0085e-49,6.2801e-07
neon,Q,24,160000,20000,td,POLYMUL,3.8290e-47,2.6004e-48,5.8175e-06
neon,Q,24,160000,20000,qd,HORNER,1.6487e-65,2.7487e-66,1.4413e-06
neon,Q,24,160000,20000,qd,HORNER-V,1.6487e-65,2.7487e-66,5.0485e-07
neon,Q,24,160000,20000,qd,ESTRIN,2.7069e-65,5.7937e-66,1.4303e-06
neon,Q,24,160000,20000,qd,ESTRIN-V,1.2138e-64,1.4334e-65,6.6434e-07
neon,Q,24,160000,20000,qd,EVALDIFF,3.0016e-65,2.7992e-66,1.5528e-06
neon,Q,24,160000,20000,qd,POLYMUL,6.0218e-64,3.6881e-65,1.1174e-05
neon,BF,24,160000,20000,dd,HORNER,1.1862e-32,1.8484e-33,1.7290e-07
neon,BF,24,160000,20000,dd,HORNER-V,1.1862e-32,1.8484e-33,1.1538e-07
neon,BF,24,160000,20000,dd,ESTRIN,2.5658e-32,6.8034e-33,1.0628e-07
neon,BF,24,160000,20000,dd,ESTRIN-V,2.5658e-32,6.8034e-33,1.0383e-07
neon,BF,24,160000,20000,dd,EVALDIFF,1.9486e-31,1.0859e-32,1.6971e-07
neon,BF,24,160000,20000,dd,POLYMUL,1.1044e-31,1.8171e-32,7.3759e-07
neon,BF,24,160000,20000,td,HORNER,1.5206e-48,1.1680e-49,4.3418e-07
neon,BF,24,160000,20000,td,HORNER-V,1.5206e-48,1.1680e-49,2.9208e-07
neon,BF,24,160000,20000,td,ESTRIN,1.0118e-48,2.4412e-49,2.8194e-07
neon,BF,24,160000,20000,td,ESTRIN-V,1.0118e-48,2.4412e-49,2.2772e-07
neon,BF,24,160000,20000,td,EVALDIFF,8.5291e-49,1.7167e-49,4.4129e-07
neon,BF,24,160000,20000,td,POLYMUL,2.0563e-47,1.7724e-48,2.7258e-06
neon,BF,24,160000,20000,qd,HORNER,1.1013e-64,8.9018e-66,6.5454e-07
neon,BF,24,160000,20000,qd,HORNER-V,1.1013e-64,8.9018e-66,4.1784e-07
neon,BF,24,160000,20000,qd,ESTRIN,8.4203e-65,1.6592e-65,3.8932e-07
neon,BF,24,160000,20000,qd,ESTRIN-V,8.4203e-65,1.6592e-65,4.0590e-07
neon,BF,24,160000,20000,qd,EVALDIFF,1.2225e-64,1.1817e-65,7.4935e-07
neon,BF,24,160000,20000,qd,POLYMUL,1.3929e-62,8.1033e-64,5.7615e-06
neon,FMA,24,160000,20000,dd,HORNER,1.0591e-32,1.9234e-33,8.4627e-08
neon,FMA,24,160000,20000,dd,HORNER-V,1.0591e-32,1.9234e-33,6.7859e-08
neon,FMA,24,160000,20000,dd,ESTRIN,4.8737e-32,8.3201e-33,8.3661e-08
neon,FMA,24,160000,20000,dd,ESTRIN-V,4.8737e-32,8.3201e-33,7.8583e-08
neon,FMA,24,160000,20000,dd,EVALDIFF,1.9486e-31,1.1529e-32,8.5265e-08
neon,FMA,24,160000,20000,dd,POLYMUL,1.7188e-31,2.1514e-32,5.1750e-07
neon,FMA,24,160000,20000,td,HORNER,1.5206e-48,1.3592e-49,2.2618e-07
neon,FMA,24,160000,20000,td,HORNER-V,1.5206e-48,1.3592e-49,1.9005e-07
neon,FMA,24,160000,20000,td,ESTRIN,2.0637e-48,3.5646e-49,1.8784e-07
neon,FMA,24,160000,20000,td,ESTRIN-V,2.0637e-48,3.5646e-49,1.7234e-07
neon,FMA,24,160000,20000,td,EVALDIFF,1.9762e-48,2.4700e-49,2.8406e-07
neon,FMA,24,160000,20000,td,POLYMUL,5.1622e-47,2.7863e-48,1.4318e-06
neon,FMA,24,160000,20000,qd,HORNER,7.2129e-65,8.1068e-66,3.2418e-07
neon,FMA,24,160000,20000,qd,HORNER-V,7.2129e-65,8.1068e-66,2.0544e-07
neon,FMA,24,160000,20000,qd,ESTRIN,2.2238e-64,2.2722e-65,2.8886e-07
neon,FMA,24,160000,20000,qd,ESTRIN-V,2.2238e-64,2.2722e-65,3.1453e-07
neon,FMA,24,160000,20000,qd,EVALDIFF,9.8562e-65,1.3094e-65,4.3271e-07
neon,FMA,24,160000,20000,qd,POLYMUL,8.3634e-63,4.2810e-64,2.8398e-06
sve2,Q,24,160000,20000,dd,HORNER,1.1862e-32,1.8752e-33,1.3617e-07
sve2,Q,24,160000,20000,dd,HORNER-V,1.1862e-32,1.8752e-33,8.7112e-08
sve2,Q,24,160000,20000,dd,ESTRIN,3.2371e-32,6.8588e-33,9.3572e-08
sve2,Q,24,160000,20000,dd,ESTRIN-V,3.2371e-32,6.8276e-33,9.2535e-08
sve2,Q,24,160000,20000,dd,EVALDIFF,1.9486e-31,1.1184e-32,1.3417e-07
sve2,Q,24,160000,20000,dd,POLYMUL,1.7188e-31,2.1544e-32,5.5197e-07
sve2,Q,24,160000,20000,td,HORNER,1.8870e-48,1.0283e-49,6.2565e-07
sve2,Q,24,160000,20000,td,HORNER-V,1.8870e-48,1.0283e-49,4.8019e-07
sve2,Q,24,160000,20000,td,ESTRIN,1.3216e-48,1.8970e-49,4.1587e-07
sve2,Q,24,160000,20000,td,ESTRIN-V,6.8873e-49,1.3889e-49,4.2384e-07
sve2,Q,24,160000,20000,td,EVALDIFF,4.9785e-49,1.0085e-49,6.2764e-07
sve2,Q,24,160000,20000,td,POLYMUL,3.8290e-47,2.6004e-48,5.8043e-06
sve2,Q,24,160000,20000,qd,HORNER,1.6487e-65,2.7487e-66,1.4591e-06
sve2,Q,24,160000,20000,qd,HORNER-V,1.6487e-65,2.7487e-66,6.1026e-07
sve2,Q,24,160000,20000,qd,ESTRIN,2.7069e-65,5.7937e-66,1.4643e-06
sve2,Q,24,160000,20000,qd,ESTRIN-V,1.2138e-64,1.4492e-65,6.9570e-07
sve2,Q,24,160000,20000,qd,EVALDIFF,3.0016e-65,2.7992e-66,1.5581e-06
sve2,Q,24,160000,20000,qd,POLYMUL,6.0218e-64,3.6881e-65,1.5242e-05
sve2,BF,24,160000,20000,dd,HORNER,1.1862e-32,1.8484e-33,1.7273e-07
sve2,BF,24,160000,20000,dd,HORNER-V,1.1862e-32,1.8484e-33,1.0681e-07
sve2,BF,24,160000,20000,dd,ESTRIN,2.5658e-32,6.8034e-33,1.0549e-07
sve2,BF,24,160000,20000,dd,ESTRIN-V,2.5658e-32,6.8034e-33,1.0329e-07
sve2,BF,24,160000,20000,dd,EVALDIFF,1.9486e-31,1.0859e-32,1.6959e-07
sve2,BF,24,160000,20000,dd,POLYMUL,1.1044e-31,1.8171e-32,7.3478e-07
sve2,BF,24,160000,20000,td,HORNER,1.5206e-48,1.1680e-49,4.3798e-07
sve2,BF,24,160000,20000,td,HORNER-V,1.5206e-48,1.1680e-49,2.8318e-07
sve2,BF,24,160000,20000,td,ESTRIN,1.0118e-48,2.4412e-49,2.8132e-07
sve2,BF,24,160000,20000,td,ESTRIN-V,1.0118e-48,2.4412e-49,2.3142e-07
sve2,BF,24,160000,20000,td,EVALDIFF,8.5291e-49,1.7167e-49,4.4271e-07
sve2,BF,24,160000,20000,td,POLYMUL,2.0563e-47,1.7724e-48,2.7363e-06
sve2,BF,24,160000,20000,qd,HORNER,1.1013e-64,8.9018e-66,6.5189e-07
sve2,BF,24,160000,20000,qd,HORNER-V,1.1013e-64,8.9018e-66,4.2737e-07
sve2,BF,24,160000,20000,qd,ESTRIN,8.4203e-65,1.6592e-65,3.8560e-07
sve2,BF,24,160000,20000,qd,ESTRIN-V,8.4203e-65,1.6592e-65,4.1150e-07
sve2,BF,24,160000,20000,qd,EVALDIFF,1.2225e-64,1.1817e-65,7.5009e-07
sve2,BF,24,160000,20000,qd,POLYMUL,1.3929e-62,8.1033e-64,5.7441e-06
sve2,FMA,24,160000,20000,dd,HORNER,1.0591e-32,1.9234e-33,8.4317e-08
sve2,FMA,24,160000,20000,dd,HORNER-V,1.0591e-32,1.9234e-33,6.0451e-08
sve2,FMA,24,160000,20000,dd,ESTRIN,4.8737e-32,8.3201e-33,8.0080e-08
sve2,FMA,24,160000,20000,dd,ESTRIN-V,4.8737e-32,8.3201e-33,7.8455e-08
sve2,FMA,24,160000,20000,dd,EVALDIFF,1.9486e-31,1.1529e-32,8.4867e-08
sve2,FMA,24,160000,20000,dd,POLYMUL,1.7188e-31,2.1514e-32,4.9385e-07
sve2,FMA,24,160000,20000,td,HORNER,1.5206e-48,1.3592e-49,2.3304e-07
sve2,FMA,24,160000,20000,td,HORNER-V,1.5206e-48,1.3592e-49,1.7949e-07
sve2,FMA,24,160000,20000,td,ESTRIN,2.0637e-48,3.5646e-49,1.8841e-07
sve2,FMA,24,160000,20000,td,ESTRIN-V,2.0637e-48,3.5646e-49,1.7347e-07
sve2,FMA,24,160000,20000,td,EVALDIFF,1.9762e-48,2.4700e-49,2.8476e-07
sve2,FMA,24,160000,20000,td,POLYMUL,5.1622e-47,2.7863e-48,1.4483e-06
sve2,FMA,24,160000,20000,qd,HORNER,7.2129e-65,8.1068e-66,3.3369e-07
sve2,FMA,24,160000,20000,qd,HORNER-V,7.2129e-65,8.1068e-66,2.5336e-07
sve2,FMA,24,160000,20000,qd,ESTRIN,2.2238e-64,2.2722e-65,2.8842e-07
sve2,FMA,24,160000,20000,qd,ESTRIN-V,2.2238e-64,2.2722e-65,3.1520e-07
sve2,FMA,24,160000,20000,qd,EVALDIFF,9.8562e-65,1.3094e-65,4.3340e-07
sve2,FMA,24,160000,20000,qd,POLYMUL,8.3634e-63,4.2810e-64,2.8396e-06
serial,Q,32,121212,18365,dd,HORNER,9.7845e-33,1.8259e-33,1.9277e-07
serial,Q,32,121212,18365,dd,HORNER-V,9.7845e-33,1.8259e-33,1.8134e-07
serial,Q,32,121212,18365,dd,ESTRIN,4.8918e-32,7.7227e-33,1.1375e-07
serial,Q,32,121212,18365,dd,ESTRIN-V,4.8918e-32,7.7227e-33,1.1378e-07
serial,Q,32,121212,18365,dd,EVALDIFF,3.9410e-31,1.2155e-32,1.9026e-07
serial,Q,32,121212,18365,dd,POLYMUL,4.8487e-31,2.3764e-32,9.4234e-07
serial,Q,32,121212,18365,td,HORNER,1.1316e-48,1.1655e-49,8.4435e-07
serial,Q,32,121212,18365,td,HORNER-V,1.1316e-48,1.1655e-49,1.1149e-06
serial,Q,32,121212,18365,td,ESTRIN,1.2854e-48,2.0726e-49,5.3484e-07
serial,Q,32,121212,18365,td,ESTRIN-V,1.2854e-48,2.0726e-49,5.3483e-07
serial,Q,32,121212,18365,td,EVALDIFF,4.9598e-49,9.6672e-50,8.4047e-07
serial,Q,32,121212,18365,td,POLYMUL,1.0955e-46,3.0397e-48,9.9890e-06
serial,Q,32,121212,18365,qd,HORNER,1.7521e-65,2.5299e-66,1.9187e-06
serial,Q,32,121212,18365,qd,HORNER-V,1.7521e-65,2.5299e-66,1.7932e-06
serial,Q,32,121212,18365,qd,ESTRIN,3.1813e-65,5.9889e-66,1.9213e-06
serial,Q,32,121212,18365,qd,ESTRIN-V,3.1813e-65,5.9889e-66,1.9227e-06
serial,Q,32,121212,18365,qd,EVALDIFF,1.6337e-65,3.2143e-66,2.0721e-06
serial,Q,32,121212,18365,qd,POLYMUL,4.8015e-64,1.9796e-65,1.9312e-05
serial,BF,32,121212,18365,dd,HORNER,9.7845e-33,1.8192e-33,2.3924e-07
serial,BF,32,121212,18365,dd,HORNER-V,9.7845e-33,1.8192e-33,2.3484e-07
serial,BF,32,121212,18365,dd,ESTRIN,4.8918e-32,7.5108e-33,1.2810e-07
serial,BF,32,121212,18365,dd,ESTRIN-V,4.8918e-32,7.5108e-33,1.2796e-07
serial,BF,32,121212,18365,dd,EVALDIFF,3.9410e-31,1.1716e-32,2.3663e-07
serial,BF,32,121212,18365,dd,POLYMUL,3.4843e-31,1.9510e-32,1.2732e-06
serial,BF,32,121212,18365,td,HORNER,3.3256e-48,1.4387e-49,5.8419e-07
serial,BF,32,121212,18365,td,HORNER-V,3.3256e-48,1.4387e-49,5.8411e-07
serial,BF,32,121212,18365,td,ESTRIN,1.1194e-48,2.6590e-49,3.6678e-07
serial,BF,32,121212,18365,td,ESTRIN-V,1.1194e-48,2.6590e-49,3.6693e-07
serial,BF,32,121212,18365,td,EVALDIFF,7.5354e-49,1.6561e-49,5.9230e-07
serial,BF,32,121212,18365,td,POLYMUL,9.5806e-47,2.7765e-48,4.6871e-06
serial,BF,32,121212,18365,qd,HORNER,6.7404e-65,8.0764e-66,8.7585e-07
serial,BF,32,121212,18365,qd,HORNER-V,6.7404e-65,8.0764e-66,8.7223e-07
serial,BF,32,121212,18365,qd,ESTRIN,7.6508e-65,1.7451e-65,5.1022e-07
serial,BF,32,121212,18365,qd,ESTRIN-V,7.6508e-65,1.7451e-65,5.1075e-07
serial,BF,32,121212,18365,qd,EVALDIFF,1.2026e-64,1.3796e-65,9.9412e-07
serial,BF,32,121212,18365,qd,POLYMUL,4.2242e-63,1.6970e-64,9.9215e-06
serial,FMA,32,121212,18365,dd,HORNER,1.0377e-32,1.9881e-33,1.2110e-07
serial,FMA,32,121212,18365,dd,HORNER-V,1.0377e-32,1.9881e-33,1.1828e-07
serial,FMA,32,121212,18365,dd,ESTRIN,4.8918e-32,8.9226e-33,9.9724e-08
serial,FMA,32,121212,18365,dd,ESTRIN-V,4.8918e-32,8.9226e-33,9.9832e-08
serial,FMA,32,121212,18365,dd,EVALDIFF,3.9410e-31,1.3556e-32,1.2157e-07
serial,FMA,32,121212,18365,dd,POLYMUL,1.4376e-31,1.9569e-32,8.8562e-07
serial,FMA,32,121212,18365,td,HORNER,1.5421e-48,1.4355e-49,3.0365e-07
serial,FMA,32,121212,18365,td,HORNER-V,1.5421e-48,1.4355e-49,3.1566e-07
serial,FMA,32,121212,18365,td,ESTRIN,2.3416e-48,3.8071e-49,2.4099e-07
serial,FMA,32,121212,18365,td,ESTRIN-V,2.3416e-48,3.8071e-49,2.4098e-07
serial,FMA,32,121212,18365,td,EVALDIFF,2.4244e-48,2.2965e-49,3.7473e-07
serial,FMA,32,121212,18365,td,POLYMUL,6.8708e-48,1.1191e-48,2.4508e-06
serial,FMA,32,121212,18365,qd,HORNER,7.0619e-65,8.0096e-66,4.3354e-07
serial,FMA,32,121212,18365,qd,HORNER-V,7.0619e-65,8.0096e-66,4.3610e-07
serial,FMA,32,121212,18365,qd,ESTRIN,1.2640e-64,2.2682e-65,3.8154e-07
serial,FMA,32,121212,18365,qd,ESTRIN-V,1.2640e-64,2.2682e-65,3.8168e-07
serial,FMA,32,121212,18365,qd,EVALDIFF,7.3860e-65,1.4174e-65,5.8001e-07
serial,FMA,32,121212,18365,qd,POLYMUL,2.3522e-63,1.1168e-64,4.8705e-06
neon,Q,32,121212,18365,dd,HORNER,9.7845e-33,1.8259e-33,1.9242e-07
neon,Q,32,121212,18365,dd,HORNER-V,9.7845e-33,1.8259e-33,1.3668e-07
neon,Q,32,121212,18365,dd,ESTRIN,4.8918e-32,7.7227e-33,1.1381e-07
neon,Q,32,121212,18365,dd,ESTRIN-V,4.8918e-32,7.7227e-33,1.0691e-07
neon,Q,32,121212,18365,dd,EVALDIFF,3.9410e-31,1.2155e-32,1.9019e-07
neon,Q,32,121212,18365,dd,POLYMUL,4.8487e-31,2.3764e-32,9.4532e-07
neon,Q,32,121212,18365,td,HORNER,1.1316e-48,1.1655e-49,8.4083e-07
neon,Q,32,121212,18365,td,HORNER-V,1.1316e-48,1.1655e-49,5.7112e-07
neon,Q,32,121212,18365,td,ESTRIN,1.2854e-48,2.0726e-49,5.4178e-07
neon,Q,32,121212,18365,td,ESTRIN-V,7.3158e-49,1.6256e-49,5.6393e-07
neon,Q,32,121212,18365,td,EVALDIFF,4.9598e-49,9.6672e-50,8.4635e-07
neon,Q,32,121212,18365,td,POLYMUL,1.0955e-46,3.0397e-48,9.9967e-06
neon,Q,32,121212,18365,qd,HORNER,1.7521e-65,2.5299e-66,1.9223e-06
neon,Q,32,121212,18365,qd,HORNER-V,1.7521e-65,2.5299e-66,6.7398e-07
neon,Q,32,121212,18365,qd,ESTRIN,3.1813e-65,5.9889e-66,1.9226e-06
neon,Q,32,121212,18365,qd,ESTRIN-V,1.2407e-64,1.4598e-65,8.7884e-07
neon,Q,32,121212,18365,qd,EVALDIFF,1.6337e-65,3.2143e-66,2.0913e-06
neon,Q,32,121212,18365,qd,POLYMUL,4.8015e-64,1.9796e-65,1.9296e-05
neon,BF,32,121212,18365,dd,HORNER,9.7845e-33,1.8192e-33,2.3941e-07
neon,BF,32,121212,18365,dd,HORNER-V,9.7845e-33,1.8192e-33,1.5959e-07
neon,BF,32,121212,18365,dd,ESTRIN,4.8918e-32,7.5108e-33,1.2882e-07
neon,BF,32,121212,18365,dd,ESTRIN-V,4.8918e-32,7.5108e-33,1.2242e-07
neon,BF,32,121212,18365,dd,EVALDIFF,3.9410e-31,1.1716e-32,2.3601e-07
neon,BF,32,121212,18365,dd,POLYMUL,3.4843e-31,1.9510e-32,1.2709e-06
neon,BF,32,121212,18365,td,HORNER,3.3256e-48,1.4387e-49,5.8390e-07
neon,BF,32,121212,18365,td,HORNER-V,3.3256e-48,1.4387e-49,3.9207e-07
neon,BF,32,121212,18365,td,ESTRIN,1.1194e-48,2.6590e-49,3.6707e-07
neon,BF,32,121212,18365,td,ESTRIN-V,1.1194e-48,2.6590e-49,2.8615e-07
neon,BF,32,121212,18365,td,EVALDIFF,7.5354e-49,1.6561e-49,5.9284e-07
neon,BF,32,121212,18365,td,POLYMUL,9.5806e-47,2.7765e-48,4.6896e-06
neon,BF,32,121212,18365,qd,HORNER,6.7404e-65,8.0764e-66,8.7545e-07
neon,BF,32,121212,18365,qd,HORNER-V,6.7404e-65,8.0764e-66,5.5875e-07
neon,BF,32,121212,18365,qd,ESTRIN,7.6508e-65,1.7451e-65,5.1728e-07
neon,BF,32,121212,18365,qd,ESTRIN-V,7.6508e-65,1.7451e-65,5.3660e-07
neon,BF,32,121212,18365,qd,EVALDIFF,1.2026e-64,1.3796e-65,1.0042e-06
neon,BF,32,121212,18365,qd,POLYMUL,4.2242e-63,1.6970e-64,9.9201e-06
neon,FMA,32,121212,18365,dd,HORNER,1.0377e-32,1.9881e-33,1.2109e-07
neon,FMA,32,121212,18365,dd,HORNER-V,1.0377e-32,1.9881e-33,9.6789e-08
neon,FMA,32,121212,18365,dd,ESTRIN,4.8918e-32,8.9226e-33,9.9776e-08
neon,FMA,32,121212,18365,dd,ESTRIN-V,4.8918e-32,8.9226e-33,9.0442e-08
neon,FMA,32,121212,18365,dd,EVALDIFF,3.9410e-31,1.3556e-32,1.2155e-07
neon,FMA,32,121212,18365,dd,POLYMUL,1.4376e-31,1.9569e-32,8.8322e-07
neon,FMA,32,121212,18365,td,HORNER,1.5421e-48,1.4355e-49,3.0505e-07
neon,FMA,32,121212,18365,td,HORNER-V,1.5421e-48,1.4355e-49,2.5605e-07
neon,FMA,32,121212,18365,td,ESTRIN,2.3416e-48,3.8071e-49,2.3972e-07
neon,FMA,32,121212,18365,td,ESTRIN-V,2.3416e-48,3.8071e-49,2.1225e-07
neon,FMA,32,121212,18365,td,EVALDIFF,2.4244e-48,2.2965e-49,3.7783e-07
neon,FMA,32,121212,18365,td,POLYMUL,6.8708e-48,1.1191e-48,2.4518e-06
neon,FMA,32,121212,18365,qd,HORNER,7.0619e-65,8.0096e-66,4.3393e-07
neon,FMA,32,121212,18365,qd,HORNER-V,7.0619e-65,8.0096e-66,2.7331e-07
neon,FMA,32,121212,18365,qd,ESTRIN,1.2640e-64,2.2682e-65,3.7665e-07
neon,FMA,32,121212,18365,qd,ESTRIN-V,1.2640e-64,2.2682e-65,3.9914e-07
neon,FMA,32,121212,18365,qd,EVALDIFF,7.3860e-65,1.4174e-65,5.8055e-07
neon,FMA,32,121212,18365,qd,POLYMUL,2.3522e-63,1.1168e-64,4.8669e-06
sve2,Q,32,121212,18365,dd,HORNER,9.7845e-33,1.8259e-33,1.9248e-07
sve2,Q,32,121212,18365,dd,HORNER-V,9.7845e-33,1.8259e-33,1.2296e-07
sve2,Q,32,121212,18365,dd,ESTRIN,4.8918e-32,7.7227e-33,1.0937e-07
sve2,Q,32,121212,18365,dd,ESTRIN-V,4.8918e-32,7.6370e-33,1.0807e-07
sve2,Q,32,121212,18365,dd,EVALDIFF,3.9410e-31,1.2155e-32,1.9069e-07
sve2,Q,32,121212,18365,dd,POLYMUL,4.8487e-31,2.3764e-32,9.4667e-07
sve2,Q,32,121212,18365,td,HORNER,1.1316e-48,1.1655e-49,8.4267e-07
sve2,Q,32,121212,18365,td,HORNER-V,1.1316e-48,1.1655e-49,6.4243e-07
sve2,Q,32,121212,18365,td,ESTRIN,1.2854e-48,2.0726e-49,5.3935e-07
sve2,Q,32,121212,18365,td,ESTRIN-V,7.3158e-49,1.6256e-49,5.5688e-07
sve2,Q,32,121212,18365,td,EVALDIFF,4.9598e-49,9.6672e-50,8.5320e-07
sve2,Q,32,121212,18365,td,POLYMUL,1.0955e-46,3.0397e-48,9.9789e-06
sve2,Q,32,121212,18365,qd,HORNER,1.7521e-65,2.5299e-66,1.9463e-06
sve2,Q,32,121212,18365,qd,HORNER-V,1.7521e-65,2.5299e-66,8.1393e-07
sve2,Q,32,121212,18365,qd,ESTRIN,3.1813e-65,5.9889e-66,1.9699e-06
sve2,Q,32,121212,18365,qd,ESTRIN-V,1.2407e-64,1.4803e-65,9.2365e-07
sve2,Q,32,121212,18365,qd,EVALDIFF,1.6337e-65,3.2143e-66,2.1006e-06
sve2,Q,32,121212,18365,qd,POLYMUL,4.8015e-64,1.9796e-65,1.9598e-05
sve2,BF,32,121212,18365,dd,HORNER,9.7845e-33,1.8192e-33,2.4622e-07
sve2,BF,32,121212,18365,dd,HORNER-V,9.7845e-33,1.8192e-33,1.5137e-07
sve2,BF,32,121212,18365,dd,ESTRIN,4.8918e-32,7.5108e-33,1.3161e-07
sve2,BF,32,121212,18365,dd,ESTRIN-V,4.8918e-32,7.5108e-33,1.2653e-07
sve2,BF,32,121212,18365,dd,EVALDIFF,3.9410e-31,1.1716e-32,2.4241e-07
sve2,BF,32,121212,18365,dd,POLYMUL,3.4843e-31,1.9510e-32,1.2923e-06
sve2,BF,32,121212,18365,td,HORNER,3.3256e-48,1.4387e-49,6.0622e-07
sve2,BF,32,121212,18365,td,HORNER-V,3.3256e-48,1.4387e-49,3.9094e-07
sve2,BF,32,121212,18365,td,ESTRIN,1.1194e-48,2.6590e-49,3.7659e-07
sve2,BF,32,121212,18365,td,ESTRIN-V,1.1194e-48,2.6590e-49,2.9858e-07
sve2,BF,32,121212,18365,td,EVALDIFF,7.5354e-49,1.6561e-49,6.1129e-07
sve2,BF,32,121212,18365,td,POLYMUL,9.5806e-47,2.7765e-48,4.8368e-06
sve2,BF,32,121212,18365,qd,HORNER,6.7404e-65,8.0764e-66,8.9718e-07
sve2,BF,32,121212,18365,qd,HORNER-V,6.7404e-65,8.0764e-66,5.8536e-07
sve2,BF,32,121212,18365,qd,ESTRIN,7.6508e-65,1.7451e-65,5.2389e-07
sve2,BF,32,121212,18365,qd,ESTRIN-V,7.6508e-65,1.7451e-65,5.4939e-07
sve2,BF,32,121212,18365,qd,EVALDIFF,1.2026e-64,1.3796e-65,1.0331e-06
sve2,BF,32,121212,18365,qd,POLYMUL,4.2242e-63,1.6970e-64,1.0149e-05
sve2,FMA,32,121212,18365,dd,HORNER,1.0377e-32,1.9881e-33,1.2049e-07
sve2,FMA,32,121212,18365,dd,HORNER-V,1.0377e-32,1.9881e-33,8.5799e-08
sve2,FMA,32,121212,18365,dd,ESTRIN,4.8918e-32,8.9226e-33,9.5311e-08
sve2,FMA,32,121212,18365,dd,ESTRIN-V,4.8918e-32,8.9226e-33,9.0505e-08
sve2,FMA,32,121212,18365,dd,EVALDIFF,3.9410e-31,1.3556e-32,1.2133e-07
sve2,FMA,32,121212,18365,dd,POLYMUL,1.4376e-31,1.9569e-32,8.4122e-07
sve2,FMA,32,121212,18365,td,HORNER,1.5421e-48,1.4355e-49,3.1459e-07
sve2,FMA,32,121212,18365,td,HORNER-V,1.5421e-48,1.4355e-49,2.4047e-07
sve2,FMA,32,121212,18365,td,ESTRIN,2.3416e-48,3.8071e-49,2.4037e-07
sve2,FMA,32,121212,18365,td,ESTRIN-V,2.3416e-48,3.8071e-49,2.1360e-07
sve2,FMA,32,121212,18365,td,EVALDIFF,2.4244e-48,2.2965e-49,3.7729e-07
sve2,FMA,32,121212,18365,td,POLYMUL,6.8708e-48,1.1191e-48,2.4789e-06
sve2,FMA,32,121212,18365,qd,HORNER,7.0619e-65,8.0096e-66,4.4633e-07
sve2,FMA,32,121212,18365,qd,HORNER-V,7.0619e-65,8.0096e-66,3.3752e-07
sve2,FMA,32,121212,18365,qd,ESTRIN,1.2640e-64,2.2682e-65,3.7606e-07
sve2,FMA,32,121212,18365,qd,ESTRIN-V,1.2640e-64,2.2682e-65,3.9842e-07
sve2,FMA,32,121212,18365,qd,EVALDIFF,7.3860e-65,1.4174e-65,5.8077e-07
sve2,FMA,32,121212,18365,qd,POLYMUL,2.3522e-63,1.1168e-64,4.8754e-06
serial,Q,64,61538,4733,dd,HORNER,8.2032e-33,2.0387e-33,4.1714e-07
serial,Q,64,61538,4733,dd,HORNER-V,8.2032e-33,2.0387e-33,3.9785e-07
serial,Q,64,61538,4733,dd,ESTRIN,5.1024e-32,8.6108e-33,1.5698e-07
serial,Q,64,61538,4733,dd,ESTRIN-V,5.1024e-32,8.6108e-33,1.5698e-07
serial,Q,64,61538,4733,dd,EVALDIFF,1.1984e-31,8.6974e-33,4.1500e-07
serial,Q,64,61538,4733,dd,POLYMUL,4.6208e-31,2.4338e-32,3.5422e-06
serial,Q,64,61538,4733,td,HORNER,1.0221e-48,1.0515e-49,1.7073e-06
serial,Q,64,61538,4733,td,HORNER-V,1.0221e-48,1.0515e-49,2.2608e-06
serial,Q,64,61538,4733,td,ESTRIN,1.3418e-48,2.2618e-49,9.4006e-07
serial,Q,64,61538,4733,td,ESTRIN-V,1.3418e-48,2.2618e-49,9.3954e-07
serial,Q,64,61538,4733,td,EVALDIFF,5.7085e-49,9.9827e-50,1.7103e-06
serial,Q,64,61538,4733,td,POLYMUL,1.2446e-46,2.5237e-48,3.8142e-05
serial,Q,64,61538,4733,qd,HORNER,1.6192e-65,2.3580e-66,3.8686e-06
serial,Q,64,61538,4733,qd,HORNER-V,1.6192e-65,2.3580e-66,3.6162e-06
serial,Q,64,61538,4733,qd,ESTRIN,2.6609e-65,7.4021e-66,3.5893e-06
serial,Q,64,61538,4733,qd,ESTRIN-V,2.6609e-65,7.4021e-66,3.5939e-06
serial,Q,64,61538,4733,qd,EVALDIFF,2.1503e-65,2.8259e-66,4.2280e-06
serial,Q,64,61538,4733,qd,POLYMUL,2.3223e-64,1.9409e-65,7.3962e-05
serial,BF,64,61538,4733,dd,HORNER,8.2032e-33,2.0374e-33,5.0398e-07
serial,BF,64,61538,4733,dd,HORNER-V,8.2032e-33,2.0374e-33,5.0065e-07
serial,BF,64,61538,4733,dd,ESTRIN,5.1024e-32,8.1710e-33,1.8203e-07
serial,BF,64,61538,4733,dd,ESTRIN-V,5.1024e-32,8.1710e-33,1.8208e-07
serial,BF,64,61538,4733,dd,EVALDIFF,1.1984e-31,8.2700e-33,5.0195e-07
serial,BF,64,61538,4733,dd,POLYMUL,4.6208e-31,2.7331e-32,4.7964e-06
serial,BF,64,61538,4733,td,HORNER,2.3795e-48,1.3297e-49,1.1845e-06
serial,BF,64,61538,4733,td,HORNER-V,2.3795e-48,1.3297e-49,1.1821e-06
serial,BF,64,61538,4733,td,ESTRIN,1.5529e-48,3.0236e-49,6.3973e-07
serial,BF,64,61538,4733,td,ESTRIN-V,1.5529e-48,3.0236e-49,6.4005e-07
serial,BF,64,61538,4733,td,EVALDIFF,6.9864e-49,1.6250e-49,1.1990e-06
serial,BF,64,61538,4733,td,POLYMUL,8.4550e-47,2.1132e-48,1.7843e-05
serial,BF,64,61538,4733,qd,HORNER,4.9344e-65,7.8731e-66,1.7641e-06
serial,BF,64,61538,4733,qd,HORNER-V,4.9344e-65,7.8731e-66,1.7560e-06
serial,BF,64,61538,4733,qd,ESTRIN,1.1202e-64,1.6536e-65,8.8537e-07
serial,BF,64,61538,4733,qd,ESTRIN-V,1.1202e-64,1.6536e-65,8.8485e-07
serial,BF,64,61538,4733,qd,EVALDIFF,8.5181e-65,1.1305e-65,2.0192e-06
serial,BF,64,61538,4733,qd,POLYMUL,1.0690e-63,1.1892e-64,3.7759e-05
serial,FMA,64,61538,4733,dd,HORNER,8.2032e-33,2.0846e-33,2.6624e-07
serial,FMA,64,61538,4733,dd,HORNER-V,8.2032e-33,2.0846e-33,2.6396e-07
serial,FMA,64,61538,4733,dd,ESTRIN,5.1024e-32,8.7544e-33,1.3825e-07
serial,FMA,64,61538,4733,dd,ESTRIN-V,5.1024e-32,8.7544e-33,1.3822e-07
serial,FMA,64,61538,4733,dd,EVALDIFF,1.1984e-31,1.0207e-32,2.6728e-07
serial,FMA,64,61538,4733,dd,POLYMUL,5.6158e-31,3.0639e-32,3.3202e-06
serial,FMA,64,61538,4733,td,HORNER,1.4447e-48,1.5056e-49,6.1770e-07
serial,FMA,64,61538,4733,td,HORNER-V,1.4447e-48,1.5056e-49,6.3990e-07
serial,FMA,64,61538,4733,td,ESTRIN,2.3144e-48,4.0411e-49,3.9522e-07
serial,FMA,64,61538,4733,td,ESTRIN-V,2.3144e-48,4.0411e-49,3.9501e-07
serial,FMA,64,61538,4733,td,EVALDIFF,1.4170e-48,2.2180e-49,7.5461e-07
serial,FMA,64,61538,4733,td,POLYMUL,7.1249e-47,2.4737e-48,9.2917e-06
serial,FMA,64,61538,4733,qd,HORNER,4.8111e-65,8.0199e-66,8.7519e-07
serial,FMA,64,61538,4733,qd,HORNER-V,4.8111e-65,8.0199e-66,8.7508e-07
serial,FMA,64,61538,4733,qd,ESTRIN,1.2835e-64,2.1490e-65,6.2053e-07
serial,FMA,64,61538,4733,qd,ESTRIN-V,1.2835e-64,2.1490e-65,6.2057e-07
serial,FMA,64,61538,4733,qd,EVALDIFF,1.5861e-64,1.3967e-65,1.1713e-06
serial,FMA,64,61538,4733,qd,POLYMUL,1.6824e-63,1.2232e-64,1.8491e-05
neon,Q,64,61538,4733,dd,HORNER,8.2032e-33,2.0387e-33,4.1674e-07
neon,Q,64,61538,4733,dd,HORNER-V,8.2032e-33,2.0387e-33,2.9656e-07
neon,Q,64,61538,4733,dd,ESTRIN,5.1024e-32,8.6108e-33,1.5704e-07
neon,Q,64,61538,4733,dd,ESTRIN-V,5.1024e-32,8.6108e-33,1.4293e-07
neon,Q,64,61538,4733,dd,EVALDIFF,1.1984e-31,8.6974e-33,4.1488e-07
neon,Q,64,61538,4733,dd,POLYMUL,4.6208e-31,2.4338e-32,3.5474e-06
neon,Q,64,61538,4733,td,HORNER,1.0221e-48,1.0515e-49,1.7010e-06
neon,Q,64,61538,4733,td,HORNER-V,1.0221e-48,1.0515e-49,1.1485e-06
neon,Q,64,61538,4733,td,ESTRIN,1.3418e-48,2.2618e-49,9.4430e-07
neon,Q,64,61538,4733,td,ESTRIN-V,7.0573e-49,1.7463e-49,9.4021e-07
neon,Q,64,61538,4733,td,EVALDIFF,5.7085e-49,9.9827e-50,1.7114e-06
neon,Q,64,61538,4733,td,POLYMUL,1.2446e-46,2.5237e-48,3.8263e-05
neon,Q,64,61538,4733,qd,HORNER,1.6192e-65,2.3580e-66,3.8754e-06
neon,Q,64,61538,4733,qd,HORNER-V,1.6192e-65,2.3580e-66,1.3504e-06
neon,Q,64,61538,4733,qd,ESTRIN,2.6609e-65,7.4021e-66,3.5970e-06
neon,Q,64,61538,4733,qd,ESTRIN-V,1.0819e-64,1.4163e-65,1.4479e-06
neon,Q,64,61538,4733,qd,EVALDIFF,2.1503e-65,2.8259e-66,4.2589e-06
neon,Q,64,61538,4733,qd,POLYMUL,2.3223e-64,1.9409e-65,7.3874e-05
neon,BF,64,61538,4733,dd,HORNER,8.2032e-33,2.0374e-33,5.0367e-07
neon,BF,64,61538,4733,dd,HORNER-V,8.2032e-33,2.0374e-33,3.3659e-07
neon,BF,64,61538,4733,dd,ESTRIN,5.1024e-32,8.1710e-33,1.8163e-07
neon,BF,64,61538,4733,dd,ESTRIN-V,5.1024e-32,8.1710e-33,1.7076e-07
neon,BF,64,61538,4733,dd,EVALDIFF,1.1984e-31,8.2700e-33,5.0168e-07
neon,BF,64,61538,4733,dd,POLYMUL,4.6208e-31,2.7331e-32,4.8002e-06
neon,BF,64,61538,4733,td,HORNER,2.3795e-48,1.3297e-49,1.1849e-06
neon,BF,64,61538,4733,td,HORNER-V,2.3795e-48,1.3297e-49,7.9289e-07
neon,BF,64,61538,4733,td,ESTRIN,1.5529e-48,3.0236e-49,6.3937e-07
neon,BF,64,61538,4733,td,ESTRIN-V,1.5529e-48,3.0236e-49,4.4250e-07
neon,BF,64,61538,4733,td,EVALDIFF,6.9864e-49,1.6250e-49,1.1998e-06
neon,BF,64,61538,4733,td,POLYMUL,8.4550e-47,2.1132e-48,1.7825e-05
neon,BF,64,61538,4733,qd,HORNER,4.9344e-65,7.8731e-66,1.7628e-06
neon,BF,64,61538,4733,qd,HORNER-V,4.9344e-65,7.8731e-66,1.1192e-06
neon,BF,64,61538,4733,qd,ESTRIN,1.1202e-64,1.6536e-65,8.8984e-07
neon,BF,64,61538,4733,qd,ESTRIN-V,1.1202e-64,1.6536e-65,8.5991e-07
neon,BF,64,61538,4733,qd,EVALDIFF,8.5181e-65,1.1305e-65,2.0259e-06
neon,BF,64,61538,4733,qd,POLYMUL,1.0690e-63,1.1892e-64,3.7760e-05
neon,FMA,64,61538,4733,dd,HORNER,8.2032e-33,2.0846e-33,2.6611e-07
neon,FMA,64,61538,4733,dd,HORNER-V,8.2032e-33,2.0846e-33,2.1265e-07
neon,FMA,64,61538,4733,dd,ESTRIN,5.1024e-32,8.7544e-33,1.3758e-07
neon,FMA,64,61538,4733,dd,ESTRIN-V,5.1024e-32,8.7544e-33,1.2264e-07
neon,FMA,64,61538,4733,dd,EVALDIFF,1.1984e-31,1.0207e-32,2.6724e-07
neon,FMA,64,61538,4733,dd,POLYMUL,5.6158e-31,3.0639e-32,3.3310e-06
neon,FMA,64,61538,4733,td,HORNER,1.4447e-48,1.5056e-49,6.2248e-07
neon,FMA,64,61538,4733,td,HORNER-V,1.4447e-48,1.5056e-49,5.1733e-07
neon,FMA,64,61538,4733,td,ESTRIN,2.3144e-48,4.0411e-49,3.9511e-07
neon,FMA,64,61538,4733,td,ESTRIN-V,2.3144e-48,4.0411e-49,3.1183e-07
neon,FMA,64,61538,4733,td,EVALDIFF,1.4170e-48,2.2180e-49,7.5775e-07
neon,FMA,64,61538,4733,td,POLYMUL,7.1249e-47,2.4737e-48,9.2877e-06
neon,FMA,64,61538,4733,qd,HORNER,4.8111e-65,8.0199e-66,8.7266e-07
neon,FMA,64,61538,4733,qd,HORNER-V,4.8111e-65,8.0199e-66,5.4839e-07
neon,FMA,64,61538,4733,qd,ESTRIN,1.2835e-64,2.1490e-65,6.1771e-07
neon,FMA,64,61538,4733,qd,ESTRIN-V,1.2835e-64,2.1490e-65,6.1152e-07
neon,FMA,64,61538,4733,qd,EVALDIFF,1.5861e-64,1.3967e-65,1.1722e-06
neon,FMA,64,61538,4733,qd,POLYMUL,1.6824e-63,1.2232e-64,1.8482e-05
sve2,Q,64,61538,4733,dd,HORNER,8.2032e-33,2.0387e-33,4.1664e-07
sve2,Q,64,61538,4733,dd,HORNER-V,8.2032e-33,2.0387e-33,2.6791e-07
sve2,Q,64,61538,4733,dd,ESTRIN,5.1024e-32,8.6108e-33,1.5256e-07
sve2,Q,64,61538,4733,dd,ESTRIN-V,5.1024e-32,8.5133e-33,1.4263e-07
sve2,Q,64,61538,4733,dd,EVALDIFF,1.1984e-31,8.6974e-33,4.1652e-07
sve2,Q,64,61538,4733,dd,POLYMUL,4.6208e-31,2.4338e-32,3.5510e-06
sve2,Q,64,61538,4733,td,HORNER,1.0221e-48,1.0515e-49,1.7068e-06
sve2,Q,64,61538,4733,td,HORNER-V,1.0221e-48,1.0515e-49,1.2906e-06
sve2,Q,64,61538,4733,td,ESTRIN,1.3418e-48,2.2618e-49,9.4608e-07
sve2,Q,64,61538,4733,td,ESTRIN-V,7.0573e-49,1.7463e-49,9.2179e-07
sve2,Q,64,61538,4733,td,EVALDIFF,5.7085e-49,9.9827e-50,1.7264e-06
sve2,Q,64,61538,4733,td,POLYMUL,1.2446e-46,2.5237e-48,3.8106e-05
sve2,Q,64,61538,4733,qd,HORNER,1.6192e-65,2.3580e-66,3.9242e-06
sve2,Q,64,61538,4733,qd,HORNER-V,1.6192e-65,2.3580e-66,1.6301e-06
sve2,Q,64,61538,4733,qd,ESTRIN,2.6609e-65,7.4021e-66,3.6863e-06
sve2,Q,64,61538,4733,qd,ESTRIN-V,1.0819e-64,1.4181e-65,1.5340e-06
sve2,Q,64,61538,4733,qd,EVALDIFF,2.1503e-65,2.8259e-66,4.2784e-06
sve2,Q,64,61538,4733,qd,POLYMUL,2.3223e-64,1.9409e-65,7.5239e-05
sve2,BF,64,61538,4733,dd,HORNER,8.2032e-33,2.0374e-33,5.0384e-07
sve2,BF,64,61538,4733,dd,HORNER-V,8.2032e-33,2.0374e-33,3.1002e-07
sve2,BF,64,61538,4733,dd,ESTRIN,5.1024e-32,8.1710e-33,1.8138e-07
sve2,BF,64,61538,4733,dd,ESTRIN-V,5.1024e-32,8.1710e-33,1.7545e-07
sve2,BF,64,61538,4733,dd,EVALDIFF,1.1984e-31,8.2700e-33,5.0142e-07
sve2,BF,64,61538,4733,dd,POLYMUL,4.6208e-31,2.7331e-32,4.7917e-06
sve2,BF,64,61538,4733,td,HORNER,2.3795e-48,1.3297e-49,1.1966e-06
sve2,BF,64,61538,4733,td,HORNER-V,2.3795e-48,1.3297e-49,7.6799e-07
sve2,BF,64,61538,4733,td,ESTRIN,1.5529e-48,3.0236e-49,6.3839e-07
sve2,BF,64,61538,4733,td,ESTRIN-V,1.5529e-48,3.0236e-49,4.5312e-07
sve2,BF,64,61538,4733,td,EVALDIFF,6.9864e-49,1.6250e-49,1.2050e-06
sve2,BF,64,61538,4733,td,POLYMUL,8.4550e-47,2.1132e-48,1.7923e-05
sve2,BF,64,61538,4733,qd,HORNER,4.9344e-65,7.8731e-66,1.7566e-06
sve2,BF,64,61538,4733,qd,HORNER-V,4.9344e-65,7.8731e-66,1.1424e-06
sve2,BF,64,61538,4733,qd,ESTRIN,1.1202e-64,1.6536e-65,8.6935e-07
sve2,BF,64,61538,4733,qd,ESTRIN-V,1.1202e-64,1.6536e-65,8.7380e-07
sve2,BF,64,61538,4733,qd,EVALDIFF,8.5181e-65,1.1305e-65,2.0270e-06
sve2,BF,64,61538,4733,qd,POLYMUL,1.0690e-63,1.1892e-64,3.7687e-05
sve2,FMA,64,61538,4733,dd,HORNER,8.2032e-33,2.0846e-33,2.6500e-07
sve2,FMA,64,61538,4733,dd,HORNER-V,8.2032e-33,2.0846e-33,1.8673e-07
sve2,FMA,64,61538,4733,dd,ESTRIN,5.1024e-32,8.7544e-33,1.3379e-07
sve2,FMA,64,61538,4733,dd,ESTRIN-V,5.1024e-32,8.7544e-33,1.2244e-07
sve2,FMA,64,61538,4733,dd,EVALDIFF,1.1984e-31,1.0207e-32,2.6636e-07
sve2,FMA,64,61538,4733,dd,POLYMUL,5.6158e-31,3.0639e-32,3.1400e-06
sve2,FMA,64,61538,4733,td,HORNER,1.4447e-48,1.5056e-49,6.3924e-07
sve2,FMA,64,61538,4733,td,HORNER-V,1.4447e-48,1.5056e-49,4.8519e-07
sve2,FMA,64,61538,4733,td,ESTRIN,2.3144e-48,4.0411e-49,3.9741e-07
sve2,FMA,64,61538,4733,td,ESTRIN-V,2.3144e-48,4.0411e-49,3.1709e-07
sve2,FMA,64,61538,4733,td,EVALDIFF,1.4170e-48,2.2180e-49,7.5958e-07
sve2,FMA,64,61538,4733,td,POLYMUL,7.1249e-47,2.4737e-48,9.3974e-06
sve2,FMA,64,61538,4733,qd,HORNER,4.8111e-65,8.0199e-66,8.9855e-07
sve2,FMA,64,61538,4733,qd,HORNER-V,4.8111e-65,8.0199e-66,6.7316e-07
sve2,FMA,64,61538,4733,qd,ESTRIN,1.2835e-64,2.1490e-65,6.1922e-07
sve2,FMA,64,61538,4733,qd,ESTRIN-V,1.2835e-64,2.1490e-65,6.1285e-07
sve2,FMA,64,61538,4733,qd,EVALDIFF,1.5861e-64,1.3967e-65,1.1726e-06
sve2,FMA,64,61538,4733,qd,POLYMUL,1.6824e-63,1.2232e-64,1.8561e-05
serial,Q,128,31007,1201,dd,HORNER,1.0768e-32,2.1056e-33,8.6532e-07
serial,Q,128,31007,1201,dd,HORNER-V,1.0768e-32,2.1056e-33,8.2964e-07
serial,Q,128,31007,1201,dd,ESTRIN,3.7195e-32,7.8828e-33,2.5157e-07
serial,Q,128,31007,1201,dd,ESTRIN-V,3.7195e-32,7.8828e-33,2.5149e-07
serial,Q,128,31007,1201,dd,EVALDIFF,3.5662e-31,1.2667e-32,8.6461e-07
serial,Q,128,31007,1201,dd,POLYMUL,1.1935e-29,1.0097e-31,1.3764e-05
serial,Q,128,31007,1201,td,HORNER,1.4284e-48,1.0562e-49,3.4235e-06
serial,Q,128,31007,1201,td,HORNER-V,1.4284e-48,1.0562e-49,4.5057e-06
serial,Q,128,31007,1201,td,ESTRIN,1.2930e-48,2.3747e-49,1.7373e-06
serial,Q,128,31007,1201,td,ESTRIN-V,1.2930e-48,2.3747e-49,1.7367e-06
serial,Q,128,31007,1201,td,EVALDIFF,8.5640e-49,1.0216e-49,3.4344e-06
serial,Q,128,31007,1201,td,POLYMUL,2.1524e-47,1.7458e-48,1.6030e-04
serial,Q,128,31007,1201,qd,HORNER,1.6849e-65,2.1042e-66,7.7730e-06
serial,Q,128,31007,1201,qd,HORNER-V,1.6849e-65,2.1042e-66,7.2521e-06
serial,Q,128,31007,1201,qd,ESTRIN,2.6608e-65,7.0559e-66,6.8856e-06
serial,Q,128,31007,1201,qd,ESTRIN-V,2.6608e-65,7.0559e-66,6.8859e-06
serial,Q,128,31007,1201,qd,EVALDIFF,1.7855e-65,2.7119e-66,8.5552e-06
serial,Q,128,31007,1201,qd,POLYMUL,5.2000e-63,7.0700e-65,3.7128e-04
serial,BF,128,31007,1201,dd,HORNER,1.0768e-32,2.0840e-33,1.0321e-06
serial,BF,128,31007,1201,dd,HORNER-V,1.0768e-32,2.0840e-33,1.0289e-06
serial,BF,128,31007,1201,dd,ESTRIN,3.7195e-32,7.8924e-33,2.9332e-07
serial,BF,128,31007,1201,dd,ESTRIN-V,3.7195e-32,7.8924e-33,2.9338e-07
serial,BF,128,31007,1201,dd,EVALDIFF,3.5662e-31,1.1732e-32,1.0328e-06
serial,BF,128,31007,1201,dd,POLYMUL,1.1935e-29,1.0049e-31,1.9055e-05
serial,BF,128,31007,1201,td,HORNER,1.0969e-48,1.2946e-49,2.3852e-06
serial,BF,128,31007,1201,td,HORNER-V,1.0969e-48,1.2946e-49,2.3800e-06
serial,BF,128,31007,1201,td,ESTRIN,2.2149e-48,3.2124e-49,1.1777e-06
serial,BF,128,31007,1201,td,ESTRIN-V,2.2149e-48,3.2124e-49,1.1768e-06
serial,BF,128,31007,1201,td,EVALDIFF,1.2120e-48,1.6008e-49,2.4114e-06
serial,BF,128,31007,1201,td,POLYMUL,8.2943e-47,2.3300e-48,6.9633e-05
serial,BF,128,31007,1201,qd,HORNER,5.3467e-65,7.4769e-66,3.5370e-06
serial,BF,128,31007,1201,qd,HORNER-V,5.3467e-65,7.4769e-66,3.5157e-06
serial,BF,128,31007,1201,qd,ESTRIN,1.1077e-64,1.7228e-65,1.5869e-06
serial,BF,128,31007,1201,qd,ESTRIN-V,1.1077e-64,1.7228e-65,1.5889e-06
serial,BF,128,31007,1201,qd,EVALDIFF,7.5908e-65,1.1843e-65,4.0533e-06
serial,BF,128,31007,1201,qd,POLYMUL,8.7439e-63,2.3678e-64,1.4767e-04
serial,FMA,128,31007,1201,dd,HORNER,1.1949e-32,2.0296e-33,5.6379e-07
serial,FMA,128,31007,1201,dd,HORNER-V,1.1949e-32,2.0296e-33,5.5893e-07
serial,FMA,128,31007,1201,dd,ESTRIN,3.9995e-32,7.8394e-33,2.2226e-07
serial,FMA,128,31007,1201,dd,ESTRIN-V,3.9995e-32,7.8394e-33,2.2234e-07
serial,FMA,128,31007,1201,dd,EVALDIFF,3.5662e-31,1.2384e-32,5.6653e-07
serial,FMA,128,31007,1201,dd,POLYMUL,4.0908e-30,6.2702e-32,1.2818e-05
serial,FMA,128,31007,1201,td,HORNER,2.4583e-48,1.5730e-49,1.2715e-06
serial,FMA,128,31007,1201,td,HORNER-V,2.4583e-48,1.5730e-49,1.3070e-06
serial,FMA,128,31007,1201,td,ESTRIN,1.8550e-48,3.8104e-49,7.0817e-07
serial,FMA,128,31007,1201,td,ESTRIN-V,1.8550e-48,3.8104e-49,7.0809e-07
serial,FMA,128,31007,1201,td,EVALDIFF,1.1960e-48,2.2919e-49,1.5359e-06
serial,FMA,128,31007,1201,td,POLYMUL,2.7059e-47,2.0754e-48,3.6644e-05
serial,FMA,128,31007,1201,qd,HORNER,4.8169e-65,7.6318e-66,1.7757e-06
serial,FMA,128,31007,1201,qd,HORNER-V,4.8169e-65,7.6318e-66,1.7745e-06
serial,FMA,128,31007,1201,qd,ESTRIN,9.7777e-65,1.9547e-65,1.0798e-06
serial,FMA,128,31007,1201,qd,ESTRIN-V,9.7777e-65,1.9547e-65,1.0789e-06
serial,FMA,128,31007,1201,qd,EVALDIFF,1.3550e-64,1.2948e-65,2.3855e-06
serial,FMA,128,31007,1201,qd,POLYMUL,1.0629e-62,3.2161e-64,7.3091e-05
neon,Q,128,31007,1201,dd,HORNER,1.0768e-32,2.1056e-33,8.7692e-07
neon,Q,128,31007,1201,dd,HORNER-V,1.0768e-32,2.1056e-33,6.2396e-07
neon,Q,128,31007,1201,dd,ESTRIN,3.7195e-32,7.8828e-33,2.5308e-07
neon,Q,128,31007,1201,dd,ESTRIN-V,3.7195e-32,7.8828e-33,2.2459e-07
neon,Q,128,31007,1201,dd,EVALDIFF,3.5662e-31,1.2667e-32,8.7609e-07
neon,Q,128,31007,1201,dd,POLYMUL,1.1935e-29,1.0097e-31,1.3904e-05
neon,Q,128,31007,1201,td,HORNER,1.4284e-48,1.0562e-49,3.4689e-06
neon,Q,128,31007,1201,td,HORNER-V,1.4284e-48,1.0562e-49,2.3325e-06
neon,Q,128,31007,1201,td,ESTRIN,1.2930e-48,2.3747e-49,1.7625e-06
neon,Q,128,31007,1201,td,ESTRIN-V,6.7751e-49,1.7391e-49,1.6974e-06
neon,Q,128,31007,1201,td,EVALDIFF,8.5640e-49,1.0216e-49,3.5020e-06
neon,Q,128,31007,1201,td,POLYMUL,2.1524e-47,1.7458e-48,1.7167e-04
neon,Q,128,31007,1201,qd,HORNER,1.6849e-65,2.1042e-66,7.8887e-06
neon,Q,128,31007,1201,qd,HORNER-V,1.6849e-65,2.1042e-66,2.7415e-06
neon,Q,128,31007,1201,qd,ESTRIN,2.6608e-65,7.0559e-66,7.0023e-06
neon,Q,128,31007,1201,qd,ESTRIN-V,1.4814e-64,1.4213e-65,2.5971e-06
neon,Q,128,31007,1201,qd,EVALDIFF,1.7855e-65,2.7119e-66,8.7291e-06
neon,Q,128,31007,1201,qd,POLYMUL,5.2000e-63,7.0700e-65,3.6642e-04
neon,BF,128,31007,1201,dd,HORNER,1.0768e-32,2.0840e-33,1.0465e-06
neon,BF,128,31007,1201,dd,HORNER-V,1.0768e-32,2.0840e-33,6.9904e-07
neon,BF,128,31007,1201,dd,ESTRIN,3.7195e-32,7.8924e-33,2.9687e-07
neon,BF,128,31007,1201,dd,ESTRIN-V,3.7195e-32,7.8924e-33,2.7416e-07
neon,BF,128,31007,1201,dd,EVALDIFF,3.5662e-31,1.1732e-32,1.0477e-06
neon,BF,128,31007,1201,dd,POLYMUL,1.1935e-29,1.0049e-31,1.8934e-05
neon,BF,128,31007,1201,td,HORNER,1.0969e-48,1.2946e-49,2.4206e-06
neon,BF,128,31007,1201,td,HORNER-V,1.0969e-48,1.2946e-49,1.6176e-06
neon,BF,128,31007,1201,td,ESTRIN,2.2149e-48,3.2124e-49,1.1918e-06
neon,BF,128,31007,1201,td,ESTRIN-V,2.2149e-48,3.2124e-49,7.6901e-07
neon,BF,128,31007,1201,td,EVALDIFF,1.2120e-48,1.6008e-49,2.4495e-06
neon,BF,128,31007,1201,td,POLYMUL,8.2943e-47,2.3300e-48,7.0517e-05
neon,BF,128,31007,1201,qd,HORNER,5.3467e-65,7.4769e-66,3.5865e-06
neon,BF,128,31007,1201,qd,HORNER-V,5.3467e-65,7.4769e-66,2.2747e-06
neon,BF,128,31007,1201,qd,ESTRIN,1.1077e-64,1.7228e-65,1.6193e-06
neon,BF,128,31007,1201,qd,ESTRIN-V,1.1077e-64,1.7228e-65,1.5338e-06
neon,BF,128,31007,1201,qd,EVALDIFF,7.5908e-65,1.1843e-65,4.1301e-06
neon,BF,128,31007,1201,qd,POLYMUL,8.7439e-63,2.3678e-64,1.4948e-04
neon,FMA,128,31007,1201,dd,HORNER,1.1949e-32,2.0296e-33,5.6444e-07
neon,FMA,128,31007,1201,dd,HORNER-V,1.1949e-32,2.0296e-33,4.4916e-07
neon,FMA,128,31007,1201,dd,ESTRIN,3.9995e-32,7.8394e-33,2.2281e-07
neon,FMA,128,31007,1201,dd,ESTRIN-V,3.9995e-32,7.8394e-33,1.9611e-07
neon,FMA,128,31007,1201,dd,EVALDIFF,3.5662e-31,1.2384e-32,5.6660e-07
neon,FMA,128,31007,1201,dd,POLYMUL,4.0908e-30,6.2702e-32,1.2961e-05
neon,FMA,128,31007,1201,td,HORNER,2.4583e-48,1.5730e-49,1.2687e-06
neon,FMA,128,31007,1201,td,HORNER-V,2.4583e-48,1.5730e-49,1.0532e-06
neon,FMA,128,31007,1201,td,ESTRIN,1.8550e-48,3.8104e-49,7.0917e-07
neon,FMA,128,31007,1201,td,ESTRIN-V,1.8550e-48,3.8104e-49,5.1882e-07
neon,FMA,128,31007,1201,td,EVALDIFF,1.1960e-48,2.2919e-49,1.5368e-06
neon,FMA,128,31007,1201,td,POLYMUL,2.7059e-47,2.0754e-48,3.6636e-05
neon,FMA,128,31007,1201,qd,HORNER,4.8169e-65,7.6318e-66,1.7763e-06
neon,FMA,128,31007,1201,qd,HORNER-V,4.8169e-65,7.6318e-66,1.1121e-06
neon,FMA,128,31007,1201,qd,ESTRIN,9.7777e-65,1.9547e-65,1.0770e-06
neon,FMA,128,31007,1201,qd,ESTRIN-V,9.7777e-65,1.9547e-65,1.0221e-06
neon,FMA,128,31007,1201,qd,EVALDIFF,1.3550e-64,1.2948e-65,2.3861e-06
neon,FMA,128,31007,1201,qd,POLYMUL,1.0629e-62,3.2161e-64,7.2998e-05
sve2,Q,128,31007,1201,dd,HORNER,1.0768e-32,2.1056e-33,8.7751e-07
sve2,Q,128,31007,1201,dd,HORNER-V,1.0768e-32,2.1056e-33,5.6355e-07
sve2,Q,128,31007,1201,dd,ESTRIN,3.7195e-32,7.8828e-33,2.5030e-07
sve2,Q,128,31007,1201,dd,ESTRIN-V,3.7195e-32,7.8171e-33,2.2201e-07
sve2,Q,128,31007,1201,dd,EVALDIFF,3.5662e-31,1.2667e-32,8.7960e-07
sve2,Q,128,31007,1201,dd,POLYMUL,1.1935e-29,1.0097e-31,1.3879e-05
sve2,Q,128,31007,1201,td,HORNER,1.4284e-48,1.0562e-49,3.4672e-06
sve2,Q,128,31007,1201,td,HORNER-V,1.4284e-48,1.0562e-49,2.6267e-06
sve2,Q,128,31007,1201,td,ESTRIN,1.2930e-48,2.3747e-49,1.7770e-06
sve2,Q,128,31007,1201,td,ESTRIN-V,6.7751e-49,1.7391e-49,1.6585e-06
sve2,Q,128,31007,1201,td,EVALDIFF,8.5640e-49,1.0216e-49,3.4982e-06
sve2,Q,128,31007,1201,td,POLYMUL,2.1524e-47,1.7458e-48,1.5850e-04
sve2,Q,128,31007,1201,qd,HORNER,1.6849e-65,2.1042e-66,7.9808e-06
sve2,Q,128,31007,1201,qd,HORNER-V,1.6849e-65,2.1042e-66,3.3063e-06
sve2,Q,128,31007,1201,qd,ESTRIN,2.6608e-65,7.0559e-66,7.1610e-06
sve2,Q,128,31007,1201,qd,ESTRIN-V,1.4814e-64,1.4198e-65,2.7543e-06
sve2,Q,128,31007,1201,qd,EVALDIFF,1.7855e-65,2.7119e-66,8.7571e-06
sve2,Q,128,31007,1201,qd,POLYMUL,5.2000e-63,7.0700e-65,3.9387e-04
sve2,BF,128,31007,1201,dd,HORNER,1.0768e-32,2.0840e-33,1.0452e-06
sve2,BF,128,31007,1201,dd,HORNER-V,1.0768e-32,2.0840e-33,6.4205e-07
sve2,BF,128,31007,1201,dd,ESTRIN,3.7195e-32,7.8924e-33,2.9723e-07
sve2,BF,128,31007,1201,dd,ESTRIN-V,3.7195e-32,7.8924e-33,2.7396e-07
sve2,BF,128,31007,1201,dd,EVALDIFF,3.5662e-31,1.1732e-32,1.0456e-06
sve2,BF,128,31007,1201,dd,POLYMUL,1.1935e-29,1.0049e-31,1.8815e-05
sve2,BF,128,31007,1201,td,HORNER,1.0969e-48,1.2946e-49,2.4414e-06
sve2,BF,128,31007,1201,td,HORNER-V,1.0969e-48,1.2946e-49,1.5635e-06
sve2,BF,128,31007,1201,td,ESTRIN,2.2149e-48,3.2124e-49,1.1912e-06
sve2,BF,128,31007,1201,td,ESTRIN-V,2.2149e-48,3.2124e-49,7.8964e-07
sve2,BF,128,31007,1201,td,EVALDIFF,1.2120e-48,1.6008e-49,2.4573e-06
sve2,BF,128,31007,1201,td,POLYMUL,8.2943e-47,2.3300e-48,7.0779e-05
sve2,BF,128,31007,1201,qd,HORNER,5.3467e-65,7.4769e-66,3.5723e-06
sve2,BF,128,31007,1201,qd,HORNER-V,5.3467e-65,7.4769e-66,2.3159e-06
sve2,BF,128,31007,1201,qd,ESTRIN,1.1077e-64,1.7228e-65,1.5884e-06
sve2,BF,128,31007,1201,qd,ESTRIN-V,1.1077e-64,1.7228e-65,1.5560e-06
sve2,BF,128,31007,1201,qd,EVALDIFF,7.5908e-65,1.1843e-65,4.1292e-06
sve2,BF,128,31007,1201,qd,POLYMUL,8.7439e-63,2.3678e-64,1.4914e-04
sve2,FMA,128,31007,1201,dd,HORNER,1.1949e-32,2.0296e-33,5.6960e-07
sve2,FMA,128,31007,1201,dd,HORNER-V,1.1949e-32,2.0296e-33,3.9893e-07
sve2,FMA,128,31007,1201,dd,ESTRIN,3.9995e-32,7.8394e-33,2.2236e-07
sve2,FMA,128,31007,1201,dd,ESTRIN-V,3.9995e-32,7.8394e-33,1.9785e-07
sve2,FMA,128,31007,1201,dd,EVALDIFF,3.5662e-31,1.2384e-32,5.7153e-07
sve2,FMA,128,31007,1201,dd,POLYMUL,4.0908e-30,6.2702e-32,1.2723e-05
sve2,FMA,128,31007,1201,td,HORNER,2.4583e-48,1.5730e-49,1.3377e-06
sve2,FMA,128,31007,1201,td,HORNER-V,2.4583e-48,1.5730e-49,1.0010e-06
sve2,FMA,128,31007,1201,td,ESTRIN,1.8550e-48,3.8104e-49,7.2507e-07
sve2,FMA,128,31007,1201,td,ESTRIN-V,1.8550e-48,3.8104e-49,5.3505e-07
sve2,FMA,128,31007,1201,td,EVALDIFF,1.1960e-48,2.2919e-49,1.5633e-06
sve2,FMA,128,31007,1201,td,POLYMUL,2.7059e-47,2.0754e-48,3.7575e-05
sve2,FMA,128,31007,1201,qd,HORNER,4.8169e-65,7.6318e-66,1.8534e-06
sve2,FMA,128,31007,1201,qd,HORNER-V,4.8169e-65,7.6318e-66,1.3827e-06
sve2,FMA,128,31007,1201,qd,ESTRIN,9.7777e-65,1.9547e-65,1.0917e-06
sve2,FMA,128,31007,1201,qd,ESTRIN-V,9.7777e-65,1.9547e-65,1.0344e-06
sve2,FMA,128,31007,1201,qd,EVALDIFF,1.3550e-64,1.2948e-65,2.4212e-06
sve2,FMA,128,31007,1201,qd,POLYMUL,1.0629e-62,3.2161e-64,7.4326e-05
serial,Q,256,15564,302,dd,HORNER,1.1355e-32,2.1130e-33,1.7885e-06
serial,Q,256,15564,302,dd,HORNER-V,1.1355e-32,2.1130e-33,1.7200e-06
serial,Q,256,15564,302,dd,ESTRIN,3.4668e-32,6.9872e-33,4.3575e-07
serial,Q,256,15564,302,dd,ESTRIN-V,3.4668e-32,6.9872e-33,4.3539e-07
serial,Q,256,15564,302,dd,EVALDIFF,4.0184e-31,1.6720e-32,1.7875e-06
serial,Q,256,15564,302,dd,POLYMUL,4.2625e-29,1.6626e-31,5.5870e-05
serial,Q,256,15564,302,td,HORNER,1.6560e-48,1.1335e-49,6.9634e-06
serial,Q,256,15564,302,td,HORNER-V,1.6560e-48,1.1335e-49,9.1763e-06
serial,Q,256,15564,302,td,ESTRIN,9.9931e-49,2.2060e-49,3.3663e-06
serial,Q,256,15564,302,td,ESTRIN-V,9.9931e-49,2.2060e-49,3.3670e-06
serial,Q,256,15564,302,td,EVALDIFF,8.1163e-49,1.1006e-49,6.9982e-06
serial,Q,256,15564,302,td,POLYMUL,2.3687e-46,3.5525e-48,9.2308e-04
serial,Q,256,15564,302,qd,HORNER,1.8638e-65,2.4243e-66,1.5831e-05
serial,Q,256,15564,302,qd,HORNER-V,1.8638e-65,2.4243e-66,1.4771e-05
serial,Q,256,15564,302,qd,ESTRIN,3.2501e-65,7.2957e-66,1.3520e-05
serial,Q,256,15564,302,qd,ESTRIN-V,3.2501e-65,7.2957e-66,1.3534e-05
serial,Q,256,15564,302,qd,EVALDIFF,2.0551e-65,2.9893e-66,1.7458e-05
serial,Q,256,15564,302,qd,POLYMUL,1.5350e-62,1.7425e-64,1.7657e-03
serial,BF,256,15564,302,dd,HORNER,1.1355e-32,2.0974e-33,2.1186e-06
serial,BF,256,15564,302,dd,HORNER-V,1.1355e-32,2.0974e-33,2.1156e-06
serial,BF,256,15564,302,dd,ESTRIN,3.4668e-32,6.9547e-33,5.1676e-07
serial,BF,256,15564,302,dd,ESTRIN-V,3.4668e-32,6.9547e-33,5.1656e-07
serial,BF,256,15564,302,dd,EVALDIFF,4.0184e-31,1.4866e-32,2.1297e-06
serial,BF,256,15564,302,dd,POLYMUL,5.1404e-30,6.8068e-32,7.5242e-05
serial,BF,256,15564,302,td,HORNER,1.6560e-48,1.2903e-49,4.8591e-06
serial,BF,256,15564,302,td,HORNER-V,1.6560e-48,1.2903e-49,4.8415e-06
serial,BF,256,15564,302,td,ESTRIN,1.5274e-48,3.4394e-49,2.2778e-06
serial,BF,256,15564,302,td,ESTRIN-V,1.5274e-48,3.4394e-49,2.2794e-06
serial,BF,256,15564,302,td,EVALDIFF,8.1363e-49,1.5791e-49,4.9100e-06
serial,BF,256,15564,302,td,POLYMUL,2.1653e-46,3.7089e-48,2.7853e-04
serial,BF,256,15564,302,qd,HORNER,7.1748e-65,8.9020e-66,7.2065e-06
serial,BF,256,15564,302,qd,HORNER-V,7.1748e-65,8.9020e-66,7.1347e-06
serial,BF,256,15564,302,qd,ESTRIN,1.2627e-64,1.6564e-65,3.0139e-06
serial,BF,256,15564,302,qd,ESTRIN-V,1.2627e-64,1.6564e-65,3.0114e-06
serial,BF,256,15564,302,qd,EVALDIFF,1.1646e-64,1.0345e-65,8.2517e-06
serial,BF,256,15564,302,qd,POLYMUL,3.0583e-62,3.6478e-64,5.9257e-04
serial,FMA,256,15564,302,dd,HORNER,1.1355e-32,2.0285e-33,1.1567e-06
serial,FMA,256,15564,302,dd,HORNER-V,1.1355e-32,2.0285e-33,1.1447e-06
serial,FMA,256,15564,302,dd,ESTRIN,3.6850e-32,8.1651e-33,3.8268e-07
serial,FMA,256,15564,302,dd,ESTRIN-V,3.6850e-32,8.1651e-33,3.8267e-07
serial,FMA,256,15564,302,dd,EVALDIFF,3.7863e-31,1.3785e-32,1.1576e-06
serial,FMA,256,15564,302,dd,POLYMUL,2.6560e-29,1.5443e-31,5.2221e-05
serial,FMA,256,15564,302,td,HORNER,1.6560e-48,1.5246e-49,2.5601e-06
serial,FMA,256,15564,302,td,HORNER-V,1.6560e-48,1.5246e-49,2.6200e-06
serial,FMA,256,15564,302,td,ESTRIN,3.2985e-48,4.5803e-49,1.3199e-06
serial,FMA,256,15564,302,td,ESTRIN-V,3.2985e-48,4.5803e-49,1.3214e-06
serial,FMA,256,15564,302,td,EVALDIFF,1.4690e-48,2.2398e-49,3.0747e-06
serial,FMA,256,15564,302,td,POLYMUL,2.1653e-46,5.7953e-48,1.4532e-04
serial,FMA,256,15564,302,qd,HORNER,9.2145e-65,9.3516e-66,3.5601e-06
serial,FMA,256,15564,302,qd,HORNER-V,9.2145e-65,9.3516e-66,3.5534e-06
serial,FMA,256,15564,302,qd,ESTRIN,1.2627e-64,2.4513e-65,1.9449e-06
serial,FMA,256,15564,302,qd,ESTRIN-V,1.2627e-64,2.4513e-65,1.9439e-06
serial,FMA,256,15564,302,qd,EVALDIFF,6.7515e-65,1.2623e-65,4.7803e-06
serial,FMA,256,15564,302,qd,POLYMUL,1.1756e-61,8.8387e-64,2.8971e-04
neon,Q,256,15564,302,dd,HORNER,1.1355e-32,2.1130e-33,1.7863e-06
neon,Q,256,15564,302,dd,HORNER-V,1.1355e-32,2.1130e-33,1.2706e-06
neon,Q,256,15564,302,dd,ESTRIN,3.4668e-32,6.9872e-33,4.3618e-07
neon,Q,256,15564,302,dd,ESTRIN-V,3.4668e-32,6.9872e-33,3.8790e-07
neon,Q,256,15564,302,dd,EVALDIFF,4.0184e-31,1.6720e-32,1.7861e-06
neon,Q,256,15564,302,dd,POLYMUL,4.2625e-29,1.6626e-31,5.5234e-05
neon,Q,256,15564,302,td,HORNER,1.6560e-48,1.1335e-49,6.9643e-06
neon,Q,256,15564,302,td,HORNER-V,1.6560e-48,1.1335e-49,4.6738e-06
neon,Q,256,15564,302,td,ESTRIN,9.9931e-49,2.2060e-49,3.3718e-06
neon,Q,256,15564,302,td,ESTRIN-V,8.5563e-49,1.7840e-49,3.1559e-06
neon,Q,256,15564,302,td,EVALDIFF,8.1163e-49,1.1006e-49,7.0125e-06
neon,Q,256,15564,302,td,POLYMUL,2.3687e-46,3.5525e-48,9.8267e-04
neon,Q,256,15564,302,qd,HORNER,1.8638e-65,2.4243e-66,1.5789e-05
neon,Q,256,15564,302,qd,HORNER-V,1.8638e-65,2.4243e-66,5.4851e-06
neon,Q,256,15564,302,qd,ESTRIN,3.2501e-65,7.2957e-66,1.3514e-05
neon,Q,256,15564,302,qd,ESTRIN-V,3.5281e-64,1.7203e-65,4.8088e-06
neon,Q,256,15564,302,qd,EVALDIFF,2.0551e-65,2.9893e-66,1.7522e-05
neon,Q,256,15564,302,qd,POLYMUL,1.5350e-62,1.7425e-64,1.7564e-03
neon,BF,256,15564,302,dd,HORNER,1.1355e-32,2.0974e-33,2.1172e-06
neon,BF,256,15564,302,dd,HORNER-V,1.1355e-32,2.0974e-33,1.4153e-06
neon,BF,256,15564,302,dd,ESTRIN,3.4668e-32,6.9547e-33,5.1754e-07
neon,BF,256,15564,302,dd,ESTRIN-V,3.4668e-32,6.9547e-33,4.8302e-07
neon,BF,256,15564,302,dd,EVALDIFF,4.0184e-31,1.4866e-32,2.1266e-06
neon,BF,256,15564,302,dd,POLYMUL,5.1404e-30,6.8068e-32,7.5245e-05
neon,BF,256,15564,302,td,HORNER,1.6560e-48,1.2903e-49,4.8556e-06
neon,BF,256,15564,302,td,HORNER-V,1.6560e-48,1.2903e-49,3.2425e-06
neon,BF,256,15564,302,td,ESTRIN,1.5274e-48,3.4394e-49,2.2782e-06
neon,BF,256,15564,302,td,ESTRIN-V,1.5274e-48,3.4394e-49,1.4051e-06
neon,BF,256,15564,302,td,EVALDIFF,8.1363e-49,1.5791e-49,4.9135e-06
neon,BF,256,15564,302,td,POLYMUL,2.1653e-46,3.7089e-48,2.7911e-04
neon,BF,256,15564,302,qd,HORNER,7.1748e-65,8.9020e-66,7.1697e-06
neon,BF,256,15564,302,qd,HORNER-V,7.1748e-65,8.9020e-66,4.5500e-06
neon,BF,256,15564,302,qd,ESTRIN,1.2627e-64,1.6564e-65,3.0237e-06
neon,BF,256,15564,302,qd,ESTRIN-V,1.2627e-64,1.6564e-65,2.8329e-06
neon,BF,256,15564,302,qd,EVALDIFF,1.1646e-64,1.0345e-65,8.2760e-06
neon,BF,256,15564,302,qd,POLYMUL,3.0583e-62,3.6478e-64,5.9215e-04
neon,FMA,256,15564,302,dd,HORNER,1.1355e-32,2.0285e-33,1.1527e-06
neon,FMA,256,15564,302,dd,HORNER-V,1.1355e-32,2.0285e-33,9.1655e-07
neon,FMA,256,15564,302,dd,ESTRIN,3.6850e-32,8.1651e-33,3.8314e-07
neon,FMA,256,15564,302,dd,ESTRIN-V,3.6850e-32,8.1651e-33,3.4048e-07
neon,FMA,256,15564,302,dd,EVALDIFF,3.7863e-31,1.3785e-32,1.1582e-06
neon,FMA,256,15564,302,dd,POLYMUL,2.6560e-29,1.5443e-31,5.1864e-05
neon,FMA,256,15564,302,td,HORNER,1.6560e-48,1.5246e-49,2.5460e-06
neon,FMA,256,15564,302,td,HORNER-V,1.6560e-48,1.5246e-49,2.1124e-06
neon,FMA,256,15564,302,td,ESTRIN,3.2985e-48,4.5803e-49,1.3217e-06
neon,FMA,256,15564,302,td,ESTRIN-V,3.2985e-48,4.5803e-49,9.1268e-07
neon,FMA,256,15564,302,td,EVALDIFF,1.4690e-48,2.2398e-49,3.0735e-06
neon,FMA,256,15564,302,td,POLYMUL,2.1653e-46,5.7953e-48,1.4446e-04
neon,FMA,256,15564,302,qd,HORNER,9.2145e-65,9.3516e-66,3.5586e-06
neon,FMA,256,15564,302,qd,HORNER-V,9.2145e-65,9.3516e-66,2.2353e-06
neon,FMA,256,15564,302,qd,ESTRIN,1.2627e-64,2.4513e-65,1.9364e-06
neon,FMA,256,15564,302,qd,ESTRIN-V,1.2627e-64,2.4513e-65,1.7948e-06
neon,FMA,256,15564,302,qd,EVALDIFF,6.7515e-65,1.2623e-65,4.7785e-06
neon,FMA,256,15564,302,qd,POLYMUL,1.1756e-61,8.8387e-64,2.8951e-04
sve2,Q,256,15564,302,dd,HORNER,1.1355e-32,2.1130e-33,1.7893e-06
sve2,Q,256,15564,302,dd,HORNER-V,1.1355e-32,2.1130e-33,1.1494e-06
sve2,Q,256,15564,302,dd,ESTRIN,3.4668e-32,6.9872e-33,4.2977e-07
sve2,Q,256,15564,302,dd,ESTRIN-V,3.4668e-32,7.0191e-33,3.8202e-07
sve2,Q,256,15564,302,dd,EVALDIFF,4.0184e-31,1.6720e-32,1.7945e-06
sve2,Q,256,15564,302,dd,POLYMUL,4.2625e-29,1.6626e-31,5.5158e-05
sve2,Q,256,15564,302,td,HORNER,1.6560e-48,1.1335e-49,6.9886e-06
sve2,Q,256,15564,302,td,HORNER-V,1.6560e-48,1.1335e-49,5.2551e-06
sve2,Q,256,15564,302,td,ESTRIN,9.9931e-49,2.2060e-49,3.3923e-06
sve2,Q,256,15564,302,td,ESTRIN-V,8.5563e-49,1.7840e-49,3.0878e-06
sve2,Q,256,15564,302,td,EVALDIFF,8.1163e-49,1.1006e-49,7.0259e-06
sve2,Q,256,15564,302,td,POLYMUL,2.3687e-46,3.5525e-48,9.2964e-04
sve2,Q,256,15564,302,qd,HORNER,1.8638e-65,2.4243e-66,1.6033e-05
sve2,Q,256,15564,302,qd,HORNER-V,1.8638e-65,2.4243e-66,6.6178e-06
sve2,Q,256,15564,302,qd,ESTRIN,3.2501e-65,7.2957e-66,1.3875e-05
sve2,Q,256,15564,302,qd,ESTRIN-V,3.5281e-64,1.5872e-65,5.1201e-06
sve2,Q,256,15564,302,qd,EVALDIFF,2.0551e-65,2.9893e-66,1.7618e-05
sve2,Q,256,15564,302,qd,POLYMUL,1.5350e-62,1.7425e-64,1.7976e-03
sve2,BF,256,15564,302,dd,HORNER,1.1355e-32,2.0974e-33,2.1210e-06
sve2,BF,256,15564,302,dd,HORNER-V,1.1355e-32,2.0974e-33,1.2985e-06
sve2,BF,256,15564,302,dd,ESTRIN,3.4668e-32,6.9547e-33,5.1727e-07
sve2,BF,256,15564,302,dd,ESTRIN-V,3.4668e-32,6.9547e-33,4.8221e-07
sve2,BF,256,15564,302,dd,EVALDIFF,4.0184e-31,1.4866e-32,2.1242e-06
sve2,BF,256,15564,302,dd,POLYMUL,5.1404e-30,6.8068e-32,7.4816e-05
sve2,BF,256,15564,302,td,HORNER,1.6560e-48,1.2903e-49,4.9109e-06
sve2,BF,256,15564,302,td,HORNER-V,1.6560e-48,1.2903e-49,3.1349e-06
sve2,BF,256,15564,302,td,ESTRIN,1.5274e-48,3.4394e-49,2.2854e-06
sve2,BF,256,15564,302,td,ESTRIN-V,1.5274e-48,3.4394e-49,1.4428e-06
sve2,BF,256,15564,302,td,EVALDIFF,8.1363e-49,1.5791e-49,4.9363e-06
sve2,BF,256,15564,302,td,POLYMUL,2.1653e-46,3.7089e-48,2.7961e-04
sve2,BF,256,15564,302,qd,HORNER,7.1748e-65,8.9020e-66,7.1762e-06
sve2,BF,256,15564,302,qd,HORNER-V,7.1748e-65,8.9020e-66,4.6410e-06
sve2,BF,256,15564,302,qd,ESTRIN,1.2627e-64,1.6564e-65,2.9691e-06
sve2,BF,256,15564,302,qd,ESTRIN-V,1.2627e-64,1.6564e-65,2.8777e-06
sve2,BF,256,15564,302,qd,EVALDIFF,1.1646e-64,1.0345e-65,8.2800e-06
sve2,BF,256,15564,302,qd,POLYMUL,3.0583e-62,3.6478e-64,5.8940e-04
sve2,FMA,256,15564,302,dd,HORNER,1.1355e-32,2.0285e-33,1.1476e-06
sve2,FMA,256,15564,302,dd,HORNER-V,1.1355e-32,2.0285e-33,8.0165e-07
sve2,FMA,256,15564,302,dd,ESTRIN,3.6850e-32,8.1651e-33,3.7861e-07
sve2,FMA,256,15564,302,dd,ESTRIN-V,3.6850e-32,8.1651e-33,3.3944e-07
sve2,FMA,256,15564,302,dd,EVALDIFF,3.7863e-31,1.3785e-32,1.1518e-06
sve2,FMA,256,15564,302,dd,POLYMUL,2.6560e-29,1.5443e-31,5.1545e-05
sve2,FMA,256,15564,302,td,HORNER,1.6560e-48,1.5246e-49,2.6501e-06
sve2,FMA,256,15564,302,td,HORNER-V,1.6560e-48,1.5246e-49,1.9783e-06
sve2,FMA,256,15564,302,td,ESTRIN,3.2985e-48,4.5803e-49,1.3415e-06
sve2,FMA,256,15564,302,td,ESTRIN-V,3.2985e-48,4.5803e-49,9.3250e-07
sve2,FMA,256,15564,302,td,EVALDIFF,1.4690e-48,2.2398e-49,3.0860e-06
sve2,FMA,256,15564,302,td,POLYMUL,2.1653e-46,5.7953e-48,1.4645e-04
sve2,FMA,256,15564,302,qd,HORNER,9.2145e-65,9.3516e-66,3.6736e-06
sve2,FMA,256,15564,302,qd,HORNER-V,9.2145e-65,9.3516e-66,2.7267e-06
sve2,FMA,256,15564,302,qd,ESTRIN,1.2627e-64,2.4513e-65,1.9433e-06
sve2,FMA,256,15564,302,qd,ESTRIN-V,1.2627e-64,2.4513e-65,1.7906e-06
sve2,FMA,256,15564,302,qd,EVALDIFF,6.7515e-65,1.2623e-65,4.7913e-06
sve2,FMA,256,15564,302,qd,POLYMUL,1.1756e-61,8.8387e-64,2.8965e-04
serial,Q,512,7797,75,dd,HORNER,7.1862e-33,1.9338e-33,3.6111e-06
serial,Q,512,7797,75,dd,HORNER-V,7.1862e-33,1.9338e-33,3.4725e-06
serial,Q,512,7797,75,dd,ESTRIN,3.1285e-32,6.7732e-33,7.9769e-07
serial,Q,512,7797,75,dd,ESTRIN-V,3.1285e-32,6.7732e-33,7.9772e-07
serial,Q,512,7797,75,dd,EVALDIFF,1.6043e-30,1.9637e-32,3.6078e-06
serial,Q,512,7797,75,dd,POLYMUL,1.8939e-29,1.0167e-31,2.1645e-04
serial,Q,512,7797,75,td,HORNER,1.0877e-48,1.3175e-49,1.3956e-05
serial,Q,512,7797,75,td,HORNER-V,1.0877e-48,1.3175e-49,1.8364e-05
serial,Q,512,7797,75,td,ESTRIN,9.3813e-49,2.0313e-49,6.5977e-06
serial,Q,512,7797,75,td,ESTRIN-V,9.3813e-49,2.0313e-49,6.6013e-06
serial,Q,512,7797,75,td,EVALDIFF,7.8070e-49,1.2194e-49,1.4032e-05
serial,Q,512,7797,75,td,POLYMUL,1.4904e-45,6.0053e-48,4.0744e-03
serial,Q,512,7797,75,qd,HORNER,1.8151e-65,2.5950e-66,3.1730e-05
serial,Q,512,7797,75,qd,HORNER-V,1.8151e-65,2.5950e-66,2.9590e-05
serial,Q,512,7797,75,qd,ESTRIN,3.1633e-65,7.6734e-66,2.6650e-05
serial,Q,512,7797,75,qd,ESTRIN-V,3.1633e-65,7.6734e-66,2.6625e-05
serial,Q,512,7797,75,qd,EVALDIFF,2.0134e-65,3.2307e-66,3.4979e-05
serial,Q,512,7797,75,qd,POLYMUL,7.1157e-63,7.8071e-65,7.2031e-03
serial,BF,512,7797,75,dd,HORNER,7.1862e-33,1.9350e-33,4.2196e-06
serial,BF,512,7797,75,dd,HORNER-V,7.1862e-33,1.9350e-33,4.2025e-06
serial,BF,512,7797,75,dd,ESTRIN,3.5198e-32,6.8378e-33,9.4079e-07
serial,BF,512,7797,75,dd,ESTRIN-V,3.5198e-32,6.8378e-33,9.3847e-07
serial,BF,512,7797,75,dd,EVALDIFF,1.6043e-30,1.8796e-32,4.2410e-06
serial,BF,512,7797,75,dd,POLYMUL,1.0584e-29,8.3505e-32,2.9400e-04
serial,BF,512,7797,75,td,HORNER,9.3813e-49,1.4193e-49,9.6228e-06
serial,BF,512,7797,75,td,HORNER-V,9.3813e-49,1.4193e-49,9.5780e-06
serial,BF,512,7797,75,td,ESTRIN,1.7094e-48,3.0852e-49,4.3933e-06
serial,BF,512,7797,75,td,ESTRIN-V,1.7094e-48,3.0852e-49,4.3925e-06
serial,BF,512,7797,75,td,EVALDIFF,1.3255e-48,1.8641e-49,9.7058e-06
serial,BF,512,7797,75,td,POLYMUL,2.8465e-45,7.9093e-48,1.0931e-03
serial,BF,512,7797,75,qd,HORNER,7.3782e-65,8.8798e-66,1.4222e-05
serial,BF,512,7797,75,qd,HORNER-V,7.3782e-65,8.8798e-66,1.4069e-05
serial,BF,512,7797,75,qd,ESTRIN,1.4659e-64,1.7360e-65,5.7249e-06
serial,BF,512,7797,75,qd,ESTRIN-V,1.4659e-64,1.7360e-65,5.7210e-06
serial,BF,512,7797,75,qd,EVALDIFF,6.4368e-65,1.3447e-65,1.6295e-05
serial,BF,512,7797,75,qd,POLYMUL,3.7335e-62,2.8480e-64,2.3159e-03
serial,FMA,512,7797,75,dd,HORNER,7.6568e-33,1.9826e-33,2.3136e-06
serial,FMA,512,7797,75,dd,HORNER-V,7.6568e-33,1.9826e-33,2.2816e-06
serial,FMA,512,7797,75,dd,ESTRIN,3.1285e-32,7.9035e-33,6.8542e-07
serial,FMA,512,7797,75,dd,ESTRIN-V,3.1285e-32,7.9035e-33,6.8628e-07
serial,FMA,512,7797,75,dd,EVALDIFF,1.6043e-30,1.9010e-32,2.3083e-06
serial,FMA,512,7797,75,dd,POLYMUL,1.6568e-29,1.1366e-31,2.0329e-04
serial,FMA,512,7797,75,td,HORNER,1.1681e-48,1.8327e-49,5.0764e-06
serial,FMA,512,7797,75,td,HORNER-V,1.1681e-48,1.8327e-49,5.1778e-06
serial,FMA,512,7797,75,td,ESTRIN,2.4872e-48,4.9938e-49,2.5138e-06
serial,FMA,512,7797,75,td,ESTRIN-V,2.4872e-48,4.9938e-49,2.5175e-06
serial,FMA,512,7797,75,td,EVALDIFF,1.2298e-48,2.3327e-49,6.0710e-06
serial,FMA,512,7797,75,td,POLYMUL,4.8190e-45,1.5082e-47,5.6749e-04
serial,FMA,512,7797,75,qd,HORNER,5.4921e-65,9.5262e-66,7.0284e-06
serial,FMA,512,7797,75,qd,HORNER-V,5.4921e-65,9.5262e-66,7.0085e-06
serial,FMA,512,7797,75,qd,ESTRIN,1.1005e-64,2.3900e-65,3.6236e-06
serial,FMA,512,7797,75,qd,ESTRIN-V,1.1005e-64,2.3900e-65,3.6218e-06
serial,FMA,512,7797,75,qd,EVALDIFF,9.5575e-65,1.4345e-65,9.4654e-06
serial,FMA,512,7797,75,qd,POLYMUL,1.8662e-62,3.0554e-64,1.1327e-03
neon,Q,512,7797,75,dd,HORNER,7.1862e-33,1.9338e-33,3.5628e-06
neon,Q,512,7797,75,dd,HORNER-V,7.1862e-33,1.9338e-33,2.5281e-06
neon,Q,512,7797,75,dd,ESTRIN,3.1285e-32,6.7732e-33,8.0701e-07
neon,Q,512,7797,75,dd,ESTRIN-V,3.1285e-32,6.7732e-33,6.9904e-07
neon,Q,512,7797,75,dd,EVALDIFF,1.6043e-30,1.9637e-32,3.5548e-06
neon,Q,512,7797,75,dd,POLYMUL,1.8939e-29,1.0167e-31,2.1735e-04
neon,Q,512,7797,75,td,HORNER,1.0877e-48,1.3175e-49,1.3812e-05
neon,Q,512,7797,75,td,HORNER-V,1.0877e-48,1.3175e-49,9.2291e-06
neon,Q,512,7797,75,td,ESTRIN,9.3813e-49,2.0313e-49,6.4873e-06
neon,Q,512,7797,75,td,ESTRIN-V,8.3252e-49,1.6655e-49,5.9234e-06
neon,Q,512,7797,75,td,EVALDIFF,7.8070e-49,1.2194e-49,1.3903e-05
neon,Q,512,7797,75,td,POLYMUL,1.4904e-45,6.0053e-48,4.0272e-03
neon,Q,512,7797,75,qd,HORNER,1.8151e-65,2.5950e-66,3.1269e-05
neon,Q,512,7797,75,qd,HORNER-V,1.8151e-65,2.5950e-66,1.0826e-05
neon,Q,512,7797,75,qd,ESTRIN,3.1633e-65,7.6734e-66,2.6294e-05
neon,Q,512,7797,75,qd,ESTRIN-V,1.1500e-64,1.5565e-65,9.0823e-06
neon,Q,512,7797,75,qd,EVALDIFF,2.0134e-65,3.2307e-66,3.4691e-05
neon,Q,512,7797,75,qd,POLYMUL,7.1157e-63,7.8071e-65,7.0723e-03
neon,BF,512,7797,75,dd,HORNER,7.1862e-33,1.9350e-33,4.2042e-06
neon,BF,512,7797,75,dd,HORNER-V,7.1862e-33,1.9350e-33,2.8102e-06
neon,BF,512,7797,75,dd,ESTRIN,3.5198e-32,6.8378e-33,9.3878e-07
neon,BF,512,7797,75,dd,ESTRIN-V,3.5198e-32,6.8378e-33,8.7903e-07
neon,BF,512,7797,75,dd,EVALDIFF,1.6043e-30,1.8796e-32,4.2241e-06
neon,BF,512,7797,75,dd,POLYMUL,1.0584e-29,8.3505e-32,2.9439e-04
neon,BF,512,7797,75,td,HORNER,9.3813e-49,1.4193e-49,9.6002e-06
neon,BF,512,7797,75,td,HORNER-V,9.3813e-49,1.4193e-49,6.4077e-06
neon,BF,512,7797,75,td,ESTRIN,1.7094e-48,3.0852e-49,4.3946e-06
neon,BF,512,7797,75,td,ESTRIN-V,1.7094e-48,3.0852e-49,2.6206e-06
neon,BF,512,7797,75,td,EVALDIFF,1.3255e-48,1.8641e-49,9.7087e-06
neon,BF,512,7797,75,td,POLYMUL,2.8465e-45,7.9093e-48,1.0928e-03
neon,BF,512,7797,75,qd,HORNER,7.3782e-65,8.8798e-66,1.4121e-05
neon,BF,512,7797,75,qd,HORNER-V,7.3782e-65,8.8798e-66,8.9810e-06
neon,BF,512,7797,75,qd,ESTRIN,1.4659e-64,1.7360e-65,5.7441e-06
neon,BF,512,7797,75,qd,ESTRIN-V,1.4659e-64,1.7360e-65,5.3561e-06
neon,BF,512,7797,75,qd,EVALDIFF,6.4368e-65,1.3447e-65,1.6346e-05
neon,BF,512,7797,75,qd,POLYMUL,3.7335e-62,2.8480e-64,2.3155e-03
neon,FMA,512,7797,75,dd,HORNER,7.6568e-33,1.9826e-33,2.3280e-06
neon,FMA,512,7797,75,dd,HORNER-V,7.6568e-33,1.9826e-33,1.8307e-06
neon,FMA,512,7797,75,dd,ESTRIN,3.1285e-32,7.9035e-33,6.8697e-07
neon,FMA,512,7797,75,dd,ESTRIN-V,3.1285e-32,7.9035e-33,6.1161e-07
neon,FMA,512,7797,75,dd,EVALDIFF,1.6043e-30,1.9010e-32,2.3100e-06
neon,FMA,512,7797,75,dd,POLYMUL,1.6568e-29,1.1366e-31,2.0345e-04
neon,FMA,512,7797,75,td,HORNER,1.1681e-48,1.8327e-49,5.0232e-06
neon,FMA,512,7797,75,td,HORNER-V,1.1681e-48,1.8327e-49,4.1735e-06
neon,FMA,512,7797,75,td,ESTRIN,2.4872e-48,4.9938e-49,2.5195e-06
neon,FMA,512,7797,75,td,ESTRIN-V,2.4872e-48,4.9938e-49,1.6693e-06
neon,FMA,512,7797,75,td,EVALDIFF,1.2298e-48,2.3327e-49,6.0867e-06
neon,FMA,512,7797,75,td,POLYMUL,4.8190e-45,1.5082e-47,5.6971e-04
neon,FMA,512,7797,75,qd,HORNER,5.4921e-65,9.5262e-66,7.0336e-06
neon,FMA,512,7797,75,qd,HORNER-V,5.4921e-65,9.5262e-66,4.3964e-06
neon,FMA,512,7797,75,qd,ESTRIN,1.1005e-64,2.3900e-65,3.6062e-06
neon,FMA,512,7797,75,qd,ESTRIN-V,1.1005e-64,2.3900e-65,3.2956e-06
neon,FMA,512,7797,75,qd,EVALDIFF,9.5575e-65,1.4345e-65,9.4489e-06
neon,FMA,512,7797,75,qd,POLYMUL,1.8662e-62,3.0554e-64,1.1313e-03
sve2,Q,512,7797,75,dd,HORNER,7.1862e-33,1.9338e-33,3.5600e-06
sve2,Q,512,7797,75,dd,HORNER-V,7.1862e-33,1.9338e-33,2.2867e-06
sve2,Q,512,7797,75,dd,ESTRIN,3.1285e-32,6.7732e-33,7.7564e-07
sve2,Q,512,7797,75,dd,ESTRIN-V,3.1285e-32,6.7725e-33,6.7897e-07
sve2,Q,512,7797,75,dd,EVALDIFF,1.6043e-30,1.9637e-32,3.5655e-06
sve2,Q,512,7797,75,dd,POLYMUL,1.8939e-29,1.0167e-31,2.1692e-04
sve2,Q,512,7797,75,td,HORNER,1.0877e-48,1.3175e-49,1.3744e-05
sve2,Q,512,7797,75,td,HORNER-V,1.0877e-48,1.3175e-49,1.0381e-05
sve2,Q,512,7797,75,td,ESTRIN,9.3813e-49,2.0313e-49,6.5415e-06
sve2,Q,512,7797,75,td,ESTRIN-V,8.3252e-49,1.6655e-49,5.8183e-06
sve2,Q,512,7797,75,td,EVALDIFF,7.8070e-49,1.2194e-49,1.3851e-05
sve2,Q,512,7797,75,td,POLYMUL,1.4904e-45,6.0053e-48,4.0137e-03
sve2,Q,512,7797,75,qd,HORNER,1.8151e-65,2.5950e-66,3.1842e-05
sve2,Q,512,7797,75,qd,HORNER-V,1.8151e-65,2.5950e-66,1.3051e-05
sve2,Q,512,7797,75,qd,ESTRIN,3.1633e-65,7.6734e-66,2.6975e-05
sve2,Q,512,7797,75,qd,ESTRIN-V,1.0146e-64,1.5113e-65,9.6977e-06
sve2,Q,512,7797,75,qd,EVALDIFF,2.0134e-65,3.2307e-66,3.4943e-05
sve2,Q,512,7797,75,qd,POLYMUL,7.1157e-63,7.8071e-65,7.1470e-03
sve2,BF,512,7797,75,dd,HORNER,7.1862e-33,1.9350e-33,4.2024e-06
sve2,BF,512,7797,75,dd,HORNER-V,7.1862e-33,1.9350e-33,2.5730e-06
sve2,BF,512,7797,75,dd,ESTRIN,3.5198e-32,6.8378e-33,9.4135e-07
sve2,BF,512,7797,75,dd,ESTRIN-V,3.5198e-32,6.8378e-33,8.7446e-07
sve2,BF,512,7797,75,dd,EVALDIFF,1.6043e-30,1.8796e-32,4.2184e-06
sve2,BF,512,7797,75,dd,POLYMUL,1.0584e-29,8.3505e-32,2.9307e-04
sve2,BF,512,7797,75,td,HORNER,9.3813e-49,1.4193e-49,9.6922e-06
sve2,BF,512,7797,75,td,HORNER-V,9.3813e-49,1.4193e-49,6.1935e-06
sve2,BF,512,7797,75,td,ESTRIN,1.7094e-48,3.0852e-49,4.4183e-06
sve2,BF,512,7797,75,td,ESTRIN-V,1.7094e-48,3.0852e-49,2.6936e-06
sve2,BF,512,7797,75,td,EVALDIFF,1.3255e-48,1.8641e-49,9.7581e-06
sve2,BF,512,7797,75,td,POLYMUL,2.8465e-45,7.9093e-48,1.0964e-03
sve2,BF,512,7797,75,qd,HORNER,7.3782e-65,8.8798e-66,1.4195e-05
sve2,BF,512,7797,75,qd,HORNER-V,7.3782e-65,8.8798e-66,9.1492e-06
sve2,BF,512,7797,75,qd,ESTRIN,1.4659e-64,1.7360e-65,5.6455e-06
sve2,BF,512,7797,75,qd,ESTRIN-V,1.4659e-64,1.7360e-65,5.4328e-06
sve2,BF,512,7797,75,qd,EVALDIFF,6.4368e-65,1.3447e-65,1.6353e-05
sve2,BF,512,7797,75,qd,POLYMUL,3.7335e-62,2.8480e-64,2.3112e-03
sve2,FMA,512,7797,75,dd,HORNER,7.6568e-33,1.9826e-33,2.2818e-06
sve2,FMA,512,7797,75,dd,HORNER-V,7.6568e-33,1.9826e-33,1.5962e-06
sve2,FMA,512,7797,75,dd,ESTRIN,3.1285e-32,7.9035e-33,6.8322e-07
sve2,FMA,512,7797,75,dd,ESTRIN-V,3.1285e-32,7.9035e-33,6.0997e-07
sve2,FMA,512,7797,75,dd,EVALDIFF,1.6043e-30,1.9010e-32,2.2949e-06
sve2,FMA,512,7797,75,dd,POLYMUL,1.6568e-29,1.1366e-31,2.0338e-04
sve2,FMA,512,7797,75,td,HORNER,1.1681e-48,1.8327e-49,5.2481e-06
sve2,FMA,512,7797,75,td,HORNER-V,1.1681e-48,1.8327e-49,3.9071e-06
sve2,FMA,512,7797,75,td,ESTRIN,2.4872e-48,4.9938e-49,2.5679e-06
sve2,FMA,512,7797,75,td,ESTRIN-V,2.4872e-48,4.9938e-49,1.7041e-06
sve2,FMA,512,7797,75,td,EVALDIFF,1.2298e-48,2.3327e-49,6.0777e-06
sve2,FMA,512,7797,75,td,POLYMUL,4.8190e-45,1.5082e-47,5.7358e-04
sve2,FMA,512,7797,75,qd,HORNER,5.4921e-65,9.5262e-66,7.2341e-06
sve2,FMA,512,7797,75,qd,HORNER-V,5.4921e-65,9.5262e-66,5.3826e-06
sve2,FMA,512,7797,75,qd,ESTRIN,1.1005e-64,2.3900e-65,3.6377e-06
sve2,FMA,512,7797,75,qd,ESTRIN-V,1.1005e-64,2.3900e-65,3.2802e-06
sve2,FMA,512,7797,75,qd,EVALDIFF,9.5575e-65,1.4345e-65,9.4527e-06
sve2,FMA,512,7797,75,qd,POLYMUL,1.8662e-62,3.0554e-64,1.1366e-03
serial,Q,1000,3996,20,dd,HORNER,7.3681e-33,2.0352e-33,6.9792e-06
serial,Q,1000,3996,20,dd,HORNER-V,7.3681e-33,2.0352e-33,6.7148e-06
serial,Q,1000,3996,20,dd,ESTRIN,3.4250e-32,6.6241e-33,1.4475e-06
serial,Q,1000,3996,20,dd,ESTRIN-V,3.4250e-32,6.6241e-33,1.4475e-06
serial,Q,1000,3996,20,dd,EVALDIFF,5.2392e-31,1.1703e-32,6.9792e-06
serial,Q,1000,3996,20,dd,POLYMUL,6.3762e-29,1.9160e-31,8.2257e-04
serial,Q,1000,3996,20,td,HORNER,8.3430e-49,1.3089e-49,2.6884e-05
serial,Q,1000,3996,20,td,HORNER-V,8.3430e-49,1.3089e-49,3.5128e-05
serial,Q,1000,3996,20,td,ESTRIN,1.5377e-48,1.9985e-49,1.2413e-05
serial,Q,1000,3996,20,td,ESTRIN-V,1.5377e-48,1.9985e-49,1.2415e-05
serial,Q,1000,3996,20,td,EVALDIFF,7.5471e-49,1.2702e-49,2.7042e-05
serial,Q,1000,3996,20,td,POLYMUL,1.2906e-45,6.9220e-48,1.5081e-02
serial,Q,1000,3996,20,qd,HORNER,1.7697e-65,2.1576e-66,6.0939e-05
serial,Q,1000,3996,20,qd,HORNER-V,1.7697e-65,2.1576e-66,5.6914e-05
serial,Q,1000,3996,20,qd,ESTRIN,3.0413e-65,6.8425e-66,5.0622e-05
serial,Q,1000,3996,20,qd,ESTRIN-V,3.0413e-65,6.8425e-66,5.0613e-05
serial,Q,1000,3996,20,qd,EVALDIFF,2.8955e-65,3.0567e-66,6.7115e-05
serial,Q,1000,3996,20,qd,POLYMUL,7.1638e-63,9.6810e-65,2.6772e-02
serial,BF,1000,3996,20,dd,HORNER,7.3681e-33,2.0135e-33,8.2304e-06
serial,BF,1000,3996,20,dd,HORNER-V,7.3681e-33,2.0135e-33,8.2232e-06
serial,BF,1000,3996,20,dd,ESTRIN,3.4250e-32,6.7698e-33,1.7437e-06
serial,BF,1000,3996,20,dd,ESTRIN-V,3.4250e-32,6.7698e-33,1.7427e-06
serial,BF,1000,3996,20,dd,EVALDIFF,5.2392e-31,1.1649e-32,8.2802e-06
serial,BF,1000,3996,20,dd,POLYMUL,6.6029e-29,1.7893e-31,1.1183e-03
serial,BF,1000,3996,20,td,HORNER,7.7091e-49,1.4237e-49,1.8746e-05
serial,BF,1000,3996,20,td,HORNER-V,7.7091e-49,1.4237e-49,1.8695e-05
serial,BF,1000,3996,20,td,ESTRIN,1.3893e-48,3.2583e-49,8.4314e-06
serial,BF,1000,3996,20,td,ESTRIN-V,1.3893e-48,3.2583e-49,8.4132e-06
serial,BF,1000,3996,20,td,EVALDIFF,8.4893e-49,1.8553e-49,1.8939e-05
serial,BF,1000,3996,20,td,POLYMUL,1.4676e-45,8.7472e-48,4.1512e-03
serial,BF,1000,3996,20,qd,HORNER,5.4009e-65,7.9045e-66,2.7818e-05
serial,BF,1000,3996,20,qd,HORNER-V,5.4009e-65,7.9045e-66,2.7491e-05
serial,BF,1000,3996,20,qd,ESTRIN,9.7819e-65,1.6961e-65,1.0863e-05
serial,BF,1000,3996,20,qd,ESTRIN-V,9.7819e-65,1.6961e-65,1.0864e-05
serial,BF,1000,3996,20,qd,EVALDIFF,9.2333e-65,1.1547e-65,3.1825e-05
serial,BF,1000,3996,20,qd,POLYMUL,2.6772e-62,3.2394e-64,8.8313e-03
serial,FMA,1000,3996,20,dd,HORNER,7.3681e-33,2.0767e-33,4.5740e-06
serial,FMA,1000,3996,20,dd,HORNER-V,7.3681e-33,2.0767e-33,4.4797e-06
serial,FMA,1000,3996,20,dd,ESTRIN,3.4250e-32,6.6570e-33,1.2708e-06
serial,FMA,1000,3996,20,dd,ESTRIN-V,3.4250e-32,6.6570e-33,1.2732e-06
serial,FMA,1000,3996,20,dd,EVALDIFF,5.2392e-31,1.4161e-32,4.5338e-06
serial,FMA,1000,3996,20,dd,POLYMUL,1.8227e-28,3.1484e-31,7.7063e-04
serial,FMA,1000,3996,20,td,HORNER,9.1505e-49,1.7362e-49,9.9284e-06
serial,FMA,1000,3996,20,td,HORNER-V,9.1505e-49,1.7362e-49,1.0123e-05
serial,FMA,1000,3996,20,td,ESTRIN,1.9184e-48,4.2524e-49,4.7904e-06
serial,FMA,1000,3996,20,td,ESTRIN-V,1.9184e-48,4.2524e-49,4.7897e-06
serial,FMA,1000,3996,20,td,EVALDIFF,1.1020e-48,2.4388e-49,1.1863e-05
serial,FMA,1000,3996,20,td,POLYMUL,8.6217e-46,1.1331e-47,2.1599e-03
serial,FMA,1000,3996,20,qd,HORNER,4.4693e-65,7.3502e-66,1.3754e-05
serial,FMA,1000,3996,20,qd,HORNER-V,4.4693e-65,7.3502e-66,1.3688e-05
serial,FMA,1000,3996,20,qd,ESTRIN,1.5706e-64,2.3077e-65,6.7756e-06
serial,FMA,1000,3996,20,qd,ESTRIN-V,1.5706e-64,2.3077e-65,6.7828e-06
serial,FMA,1000,3996,20,qd,EVALDIFF,1.1844e-64,1.3627e-65,1.8447e-05
serial,FMA,1000,3996,20,qd,POLYMUL,4.4055e-62,4.4279e-64,4.3158e-03
neon,Q,1000,3996,20,dd,HORNER,7.3681e-33,2.0352e-33,6.9813e-06
neon,Q,1000,3996,20,dd,HORNER-V,7.3681e-33,2.0352e-33,4.9652e-06
neon,Q,1000,3996,20,dd,ESTRIN,3.4250e-32,6.6241e-33,1.4506e-06
neon,Q,1000,3996,20,dd,ESTRIN-V,3.4250e-32,6.6241e-33,1.2805e-06
neon,Q,1000,3996,20,dd,EVALDIFF,5.2392e-31,1.1703e-32,6.9733e-06
neon,Q,1000,3996,20,dd,POLYMUL,6.3762e-29,1.9160e-31,8.2258e-04
neon,Q,1000,3996,20,td,HORNER,8.3430e-49,1.3089e-49,2.6865e-05
neon,Q,1000,3996,20,td,HORNER-V,8.3430e-49,1.3089e-49,1.8026e-05
neon,Q,1000,3996,20,td,ESTRIN,1.5377e-48,1.9985e-49,1.2415e-05
neon,Q,1000,3996,20,td,ESTRIN-V,9.3381e-49,1.6969e-49,1.1136e-05
neon,Q,1000,3996,20,td,EVALDIFF,7.5471e-49,1.2702e-49,2.7071e-05
neon,Q,1000,3996,20,td,POLYMUL,1.2906e-45,6.9220e-48,1.5092e-02
neon,Q,1000,3996,20,qd,HORNER,1.7697e-65,2.1576e-66,6.0928e-05
neon,Q,1000,3996,20,qd,HORNER-V,1.7697e-65,2.1576e-66,2.1146e-05
neon,Q,1000,3996,20,qd,ESTRIN,3.0413e-65,6.8425e-66,5.0637e-05
neon,Q,1000,3996,20,qd,ESTRIN-V,1.5002e-64,1.2804e-65,1.6995e-05
neon,Q,1000,3996,20,qd,EVALDIFF,2.8955e-65,3.0567e-66,6.7735e-05
neon,Q,1000,3996,20,qd,POLYMUL,7.1638e-63,9.6810e-65,2.6664e-02
neon,BF,1000,3996,20,dd,HORNER,7.3681e-33,2.0135e-33,8.2303e-06
neon,BF,1000,3996,20,dd,HORNER-V,7.3681e-33,2.0135e-33,5.5031e-06
neon,BF,1000,3996,20,dd,ESTRIN,3.4250e-32,6.7698e-33,1.7428e-06
neon,BF,1000,3996,20,dd,ESTRIN-V,3.4250e-32,6.7698e-33,1.6282e-06
neon,BF,1000,3996,20,dd,EVALDIFF,5.2392e-31,1.1649e-32,8.2978e-06
neon,BF,1000,3996,20,dd,POLYMUL,6.6029e-29,1.7893e-31,1.1191e-03
neon,BF,1000,3996,20,td,HORNER,7.7091e-49,1.4237e-49,1.8752e-05
neon,BF,1000,3996,20,td,HORNER-V,7.7091e-49,1.4237e-49,1.2527e-05
neon,BF,1000,3996,20,td,ESTRIN,1.3893e-48,3.2583e-49,8.4160e-06
neon,BF,1000,3996,20,td,ESTRIN-V,1.3893e-48,3.2583e-49,4.9307e-06
neon,BF,1000,3996,20,td,EVALDIFF,8.4893e-49,1.8553e-49,1.8980e-05
neon,BF,1000,3996,20,td,POLYMUL,1.4676e-45,8.7472e-48,4.1559e-03
neon,BF,1000,3996,20,qd,HORNER,5.4009e-65,7.9045e-66,2.7592e-05
neon,BF,1000,3996,20,qd,HORNER-V,5.4009e-65,7.9045e-66,1.7549e-05
neon,BF,1000,3996,20,qd,ESTRIN,9.7819e-65,1.6961e-65,1.0903e-05
neon,BF,1000,3996,20,qd,ESTRIN-V,9.7819e-65,1.6961e-65,1.0065e-05
neon,BF,1000,3996,20,qd,EVALDIFF,9.2333e-65,1.1547e-65,3.2003e-05
neon,BF,1000,3996,20,qd,POLYMUL,2.6772e-62,3.2394e-64,8.8287e-03
neon,FMA,1000,3996,20,dd,HORNER,7.3681e-33,2.0767e-33,4.5741e-06
neon,FMA,1000,3996,20,dd,HORNER-V,7.3681e-33,2.0767e-33,3.5846e-06
neon,FMA,1000,3996,20,dd,ESTRIN,3.4250e-32,6.6570e-33,1.2700e-06
neon,FMA,1000,3996,20,dd,ESTRIN-V,3.4250e-32,6.6570e-33,1.1203e-06
neon,FMA,1000,3996,20,dd,EVALDIFF,5.2392e-31,1.4161e-32,4.5321e-06
neon,FMA,1000,3996,20,dd,POLYMUL,1.8227e-28,3.1484e-31,7.6951e-04
neon,FMA,1000,3996,20,td,HORNER,9.1505e-49,1.7362e-49,9.7881e-06
neon,FMA,1000,3996,20,td,HORNER-V,9.1505e-49,1.7362e-49,8.1549e-06
neon,FMA,1000,3996,20,td,ESTRIN,1.9184e-48,4.2524e-49,4.7960e-06
neon,FMA,1000,3996,20,td,ESTRIN-V,1.9184e-48,4.2524e-49,3.1070e-06
neon,FMA,1000,3996,20,td,EVALDIFF,1.1020e-48,2.4388e-49,1.1863e-05
neon,FMA,1000,3996,20,td,POLYMUL,8.6217e-46,1.1331e-47,2.1562e-03
neon,FMA,1000,3996,20,qd,HORNER,4.4693e-65,7.3502e-66,1.3732e-05
neon,FMA,1000,3996,20,qd,HORNER-V,4.4693e-65,7.3502e-66,8.5890e-06
neon,FMA,1000,3996,20,qd,ESTRIN,1.5706e-64,2.3077e-65,6.7458e-06
neon,FMA,1000,3996,20,qd,ESTRIN-V,1.5706e-64,2.3077e-65,6.0499e-06
neon,FMA,1000,3996,20,qd,EVALDIFF,1.1844e-64,1.3627e-65,1.8460e-05
neon,FMA,1000,3996,20,qd,POLYMUL,4.4055e-62,4.4279e-64,4.3127e-03
sve2,Q,1000,3996,20,dd,HORNER,7.3681e-33,2.0352e-33,6.9836e-06
sve2,Q,1000,3996,20,dd,HORNER-V,7.3681e-33,2.0352e-33,4.4830e-06
sve2,Q,1000,3996,20,dd,ESTRIN,3.4250e-32,6.6241e-33,1.4479e-06
sve2,Q,1000,3996,20,dd,ESTRIN-V,3.4250e-32,6.6100e-33,1.2498e-06
sve2,Q,1000,3996,20,dd,EVALDIFF,5.2392e-31,1.1703e-32,6.9918e-06
sve2,Q,1000,3996,20,dd,POLYMUL,6.3762e-29,1.9160e-31,8.2266e-04
sve2,Q,1000,3996,20,td,HORNER,8.3430e-49,1.3089e-49,2.6855e-05
sve2,Q,1000,3996,20,td,HORNER-V,8.3430e-49,1.3089e-49,2.0282e-05
sve2,Q,1000,3996,20,td,ESTRIN,1.5377e-48,1.9985e-49,1.2543e-05
sve2,Q,1000,3996,20,td,ESTRIN-V,9.3381e-49,1.6969e-49,1.0987e-05
sve2,Q,1000,3996,20,td,EVALDIFF,7.5471e-49,1.2702e-49,2.7039e-05
sve2,Q,1000,3996,20,td,POLYMUL,1.2906e-45,6.9220e-48,1.5076e-02
sve2,Q,1000,3996,20,qd,HORNER,1.7697e-65,2.1576e-66,6.2148e-05
sve2,Q,1000,3996,20,qd,HORNER-V,1.7697e-65,2.1576e-66,2.5475e-05
sve2,Q,1000,3996,20,qd,ESTRIN,3.0413e-65,6.8425e-66,5.1983e-05
sve2,Q,1000,3996,20,qd,ESTRIN-V,1.5002e-64,1.2429e-65,1.8234e-05
sve2,Q,1000,3996,20,qd,EVALDIFF,2.8955e-65,3.0567e-66,6.8191e-05
sve2,Q,1000,3996,20,qd,POLYMUL,7.1638e-63,9.6810e-65,2.7036e-02
sve2,BF,1000,3996,20,dd,HORNER,7.3681e-33,2.0135e-33,8.2299e-06
sve2,BF,1000,3996,20,dd,HORNER-V,7.3681e-33,2.0135e-33,5.0375e-06
sve2,BF,1000,3996,20,dd,ESTRIN,3.4250e-32,6.7698e-33,1.7388e-06
sve2,BF,1000,3996,20,dd,ESTRIN-V,3.4250e-32,6.7698e-33,1.6189e-06
sve2,BF,1000,3996,20,dd,EVALDIFF,5.2392e-31,1.1649e-32,8.2689e-06
sve2,BF,1000,3996,20,dd,POLYMUL,6.6029e-29,1.7893e-31,1.1132e-03
sve2,BF,1000,3996,20,td,HORNER,7.7091e-49,1.4237e-49,1.8960e-05
sve2,BF,1000,3996,20,td,HORNER-V,7.7091e-49,1.4237e-49,1.2096e-05
sve2,BF,1000,3996,20,td,ESTRIN,1.3893e-48,3.2583e-49,8.4571e-06
sve2,BF,1000,3996,20,td,ESTRIN-V,1.3893e-48,3.2583e-49,5.0652e-06
sve2,BF,1000,3996,20,td,EVALDIFF,8.4893e-49,1.8553e-49,1.9070e-05
sve2,BF,1000,3996,20,td,POLYMUL,1.4676e-45,8.7472e-48,4.1731e-03
sve2,BF,1000,3996,20,qd,HORNER,5.4009e-65,7.9045e-66,2.7712e-05
sve2,BF,1000,3996,20,qd,HORNER-V,5.4009e-65,7.9045e-66,1.7874e-05
sve2,BF,1000,3996,20,qd,ESTRIN,9.7819e-65,1.6961e-65,1.0739e-05
sve2,BF,1000,3996,20,qd,ESTRIN-V,9.7819e-65,1.6961e-65,1.0201e-05
sve2,BF,1000,3996,20,qd,EVALDIFF,9.2333e-65,1.1547e-65,3.1942e-05
sve2,BF,1000,3996,20,qd,POLYMUL,2.6772e-62,3.2394e-64,8.7674e-03
sve2,FMA,1000,3996,20,dd,HORNER,7.3681e-33,2.0767e-33,4.4731e-06
sve2,FMA,1000,3996,20,dd,HORNER-V,7.3681e-33,2.0767e-33,3.1262e-06
sve2,FMA,1000,3996,20,dd,ESTRIN,3.4250e-32,6.6570e-33,1.2733e-06
sve2,FMA,1000,3996,20,dd,ESTRIN-V,3.4250e-32,6.6570e-33,1.1189e-06
sve2,FMA,1000,3996,20,dd,EVALDIFF,5.2392e-31,1.4161e-32,4.5040e-06
sve2,FMA,1000,3996,20,dd,POLYMUL,1.8227e-28,3.1484e-31,7.7001e-04
sve2,FMA,1000,3996,20,td,HORNER,9.1505e-49,1.7362e-49,1.0225e-05
sve2,FMA,1000,3996,20,td,HORNER-V,9.1505e-49,1.7362e-49,7.6346e-06
sve2,FMA,1000,3996,20,td,ESTRIN,1.9184e-48,4.2524e-49,4.9179e-06
sve2,FMA,1000,3996,20,td,ESTRIN-V,1.9184e-48,4.2524e-49,3.1626e-06
sve2,FMA,1000,3996,20,td,EVALDIFF,1.1020e-48,2.4388e-49,1.1908e-05
sve2,FMA,1000,3996,20,td,POLYMUL,8.6217e-46,1.1331e-47,2.1805e-03
sve2,FMA,1000,3996,20,qd,HORNER,4.4693e-65,7.3502e-66,1.4135e-05
sve2,FMA,1000,3996,20,qd,HORNER-V,4.4693e-65,7.3502e-66,1.0502e-05
sve2,FMA,1000,3996,20,qd,ESTRIN,1.5706e-64,2.3077e-65,6.7756e-06
sve2,FMA,1000,3996,20,qd,ESTRIN-V,1.5706e-64,2.3077e-65,5.9913e-06
sve2,FMA,1000,3996,20,qd,EVALDIFF,1.1844e-64,1.3627e-65,1.8469e-05
sve2,FMA,1000,3996,20,qd,POLYMUL,4.4055e-62,4.4279e-64,4.3070e-03
